id,category,title,content,tags,source,severity,created_at
oom-2026-001,heap_analysis,Old Generation OOM (G1GC),"JDK 11+ G1GC 환경에서 java.lang.OutOfMemoryError: Java heap space가 Old Generation 가득참으로 발생할 때 점검 순서. (1) GC 로그(-Xlog:gc*)에서 mixed GC 빈도와 회수 효율 확인 — Mixed GC가 거의 안 돌면 -XX:MaxGCPauseMillis가 너무 낮아 G1이 회수 시간 부족. 200ms 이상으로 완화. (2) Humongous Object 체크: 객체 크기가 G1 region(기본 1MB~32MB) 50% 초과 시 Humongous로 분류되어 Old에 직접 할당. -Xlog:gc+humongous로 비율 확인. region 크기를 -XX:G1HeapRegionSize=32m으로 키워 회피 가능. (3) MAT Leak Suspects 리포트의 retained heap 상위 3개를 우선 의심. (4) -XX:InitiatingHeapOccupancyPercent(IHOP, 기본 45%)를 30%로 낮춰 concurrent cycle을 더 일찍 시작. (5) 그래도 해결 안 되면 진짜 메모리 부족이거나 누수 — heap dump 떠서 분석.",OOM,G1GC,JDK11,OldGen,Heap,https://docs.oracle.com/en/java/javase/11/gctuning/garbage-first-g1-garbage-collector1.html,high,2026-04-25
oom-2026-002,heap_analysis,Old Generation OOM (CMS / Parallel),"CMS GC 또는 ParallelGC 환경에서 OOM 점검. CMS의 경우 ConcurrentMode Failure 로그가 OOM 직전에 자주 나타남 — Old 회수 중 Eden에서 promotion 들어와 회수 못 따라가는 상태. -XX:CMSInitiatingOccupancyFraction을 70%에서 60%로 낮춰 회수 시작을 앞당기거나, 단편화로 인한 promotion failure면 -XX:UseCMSCompactAtFullCollection 활성. ParallelGC는 Old가 가득차면 Full GC가 stop-the-world로 길어지고, 회수 효율이 30% 미만이면 곧 OOM. -XX:GCTimeRatio와 -XX:MaxGCPauseMillis로 throughput vs pause 균형 조정. JDK 17+에서 CMS는 제거되었으므로 G1 또는 ZGC 마이그레이션 권장. heap dump를 jcmd 또는 -XX:+HeapDumpOnOutOfMemoryError로 자동 캡처해 두면 사후분석 용이.",OOM,CMS,ParallelGC,OldGen,FullGC,https://wiki.internal/gc-tuning,high,2026-04-25
oom-2026-003,heap_analysis,Metaspace OOM,"java.lang.OutOfMemoryError: Metaspace는 클래스 메타데이터 영역 부족. JDK 8+에서 PermGen이 Metaspace로 대체되며 기본 크기 무제한이지만 -XX:MaxMetaspaceSize로 제한된 상태에서 발생. 주요 원인: (1) ClassLoader 누수 — 웹앱 재배포 시 이전 클래스로더가 GC되지 않고 누적. (2) 동적 클래스 생성 — CGLIB, Javassist, Groovy 등이 무한 생성. (3) 너무 작은 MaxMetaspaceSize 설정. 진단: jcmd VM.metaspace 또는 jstat -gc PID로 MC/MU 컬럼 관찰. MAT에서 ClassLoader Explorer로 동일 이름 ClassLoader 다중 인스턴스 확인. 해결: 누수 원인 제거 + 적정 -XX:MaxMetaspaceSize=512m 명시 설정. -XX:MetaspaceSize는 첫 GC 임계치라 너무 작으면 초반 잦은 Full GC.",OOM,Metaspace,ClassLoader,JDK8+,https://docs.oracle.com/en/java/javase/11/troubleshoot/troubleshoot-memory-leaks.html,high,2026-04-25
oom-2026-004,heap_analysis,Direct ByteBuffer / off-heap OOM,"java.lang.OutOfMemoryError: Direct buffer memory는 Heap 외부 native 메모리(NIO Direct Buffer) 부족. Heap dump에는 직접 안 나타나서 진단이 까다로움. 주요 발생처: Netty, gRPC, Kafka 클라이언트, NIO 기반 라이브러리. 한도 기본값: -XX:MaxDirectMemorySize, 미지정 시 -Xmx와 동일. 진단: (1) -Dio.netty.leakDetection.level=PARANOID로 누수 추적(개발 환경). (2) jcmd PID VM.native_memory(NMT 활성 시 -XX:NativeMemoryTracking=detail 필요). (3) MAT에서 java.nio.DirectByteBuffer 인스턴스 retained heap 확인 — Cleaner 등록 여부도 체크. 해결: DirectBuffer를 try-with-resources 패턴 또는 명시적 ((DirectBuffer)buf).cleaner().clean()으로 즉시 회수. 라이브러리 버전 업그레이드(Netty 4.1.65+에서 누수 다수 수정).",OOM,DirectBuffer,Netty,NIO,offheap,https://netty.io/wiki/reference-counted-objects.html,high,2026-04-26
leak-2026-001,heap_analysis,캐시 무한 누적 누수 패턴,"가장 흔한 메모리 누수 1순위는 캐시 TTL/사이즈 미설정. ConcurrentHashMap을 캐시로 쓰는데 expire/maxSize가 없으면 사실상 메모리 누수와 동일. MAT Leak Suspects에서 java.util.concurrent.ConcurrentHashMap이 retained heap 상위면 의심. 검증: Histogram에서 HashMap$Node[] 또는 ConcurrentHashMap$Node[]의 인스턴스 수와 retained size 확인. Path To GC Roots로 누가 참조하는지 추적 — 보통 static field 또는 Singleton 빈. 해결: Caffeine, Guava Cache로 교체하고 maximumSize() + expireAfterWrite() 명시. Spring @Cacheable 사용 시 cacheManager에 expiration 설정 필수. 모니터링: Micrometer cache.size 메트릭 노출.",Leak,Cache,ConcurrentHashMap,Caffeine,https://github.com/ben-manes/caffeine/wiki/Eviction,high,2026-04-26
leak-2026-002,heap_analysis,ThreadLocal 누수 패턴,"ThreadLocal에 큰 객체를 저장하고 remove()를 호출하지 않으면 스레드가 풀에 살아있는 동안 객체가 retain됨. Tomcat ThreadPool은 스레드를 재사용하므로 누수 누적. 증상: Heap 사용량이 요청 처리 후에도 줄어들지 않고 점진 증가. MAT 진단: Histogram에서 java.lang.Thread 인스턴스 수가 ThreadPool 크기와 일치하는데 retained heap이 비정상적으로 큰지 확인. Path To GC Roots에서 thread.threadLocals(ThreadLocal.ThreadLocalMap) 경로 확인. 흔한 원인: SecurityContextHolder, RequestContextHolder, 자체 ThreadLocal<UserContext> 등을 set만 하고 try-finally로 remove() 안 함. 해결: 반드시 try { tl.set(x); ... } finally { tl.remove(); } 패턴. Servlet Filter에서 cleanup 보장. ThreadLocal 대신 InheritableThreadLocal 쓰면 자식 스레드까지 누수 전파 위험.",Leak,ThreadLocal,Tomcat,ThreadPool,https://wiki.internal/threadlocal-best-practice,high,2026-04-26
leak-2026-003,heap_analysis,Static Map 누수 패턴,"static 필드의 Map/List에 무제한 add만 하고 제거하지 않으면 영구 누수. GC 루트가 static 필드라 회수 자체가 불가능. 흔한 사례: 로그 누적용 static List, 사용자별 세션 정보 static Map, 통계 수집용 static counter Map. MAT Leak Suspects에서 GC 루트 타입이 'System Class' 또는 'Java Frame'으로 나오면 static 의심. Class Loader Explorer에서 의심 ClassLoader → loaded classes → static fields 직접 확인. 해결: WeakHashMap 또는 ConcurrentReferenceHashMap(Spring) 사용 — 키가 GC되면 엔트리 자동 제거. 영속화가 필요하면 외부 저장소(DB/Redis)로 분리. 디버깅 팁: jcmd PID GC.class_histogram | head -20으로 빈 클래스가 비정상 인스턴스 수면 static 자료구조 의심.",Leak,Static,WeakHashMap,GCRoot,https://docs.oracle.com/javase/8/docs/api/java/util/WeakHashMap.html,medium,2026-04-26
java-spring-001,java_spring,Spring Session JDBC 만료 정책,"Spring Session JDBC는 SPRING_SESSION 테이블의 EXPIRY_TIME 컬럼으로 만료를 관리한다. application.properties의 server.servlet.session.timeout이 만료 기준이며, spring.session.jdbc.cleanup-cron으로 정리 cron 주기를 제어한다. 기본 60분 유지·10분 정리 조합이면 일반 웹앱 적정. 만료 후에도 행이 즉시 사라지지 않고 cleanup cron에서 일괄 DELETE하므로 cleanup 주기를 너무 짧게 잡으면 DB 부하 증가. 멀티 인스턴스 환경에서는 cleanup이 동시에 안 돌도록 한 인스턴스만 spring.session.jdbc.cleanup-cron 활성화하거나 cron 시간을 분산. 세션 데이터는 SPRING_SESSION_ATTRIBUTES에 직렬화 저장되므로 세션에 큰 객체(MB 단위) 넣지 말 것.",Spring,Session,JDBC,SpringBoot,https://docs.spring.io/spring-session/reference/api.html,info,2026-04-27
java-spring-002,java_spring,Spring Boot Actuator heapdump endpoint,"Spring Boot Actuator의 /actuator/heapdump는 운영 중 GC 거치지 않은 heap dump를 즉시 캡처. 활성화: management.endpoints.web.exposure.include에 heapdump 추가 + management.endpoint.heapdump.enabled=true. 보안: 운영 환경에서는 반드시 인증·인가 적용 — Spring Security로 ROLE_ADMIN 제한 또는 management.server.port를 별도 내부 포트로 분리해 외부 노출 차단. 응답: GZIP 압축된 .hprof.gz 다운로드. 주의: heap dump 캡처 동안 stop-the-world 발생 → 운영 중 호출 시 수십 초 정지 가능. 큰 heap(>10GB)에서는 OS 디스크 IO 한계로 dump 자체가 실패할 수 있어 사전에 디스크 여유 + iotop 확인. 대안: jcmd PID GC.heap_dump /path/file.hprof는 외부 호출 없이 동일 결과.",SpringBoot,Actuator,heapdump,운영,https://docs.spring.io/spring-boot/docs/current/actuator-api/htmlsingle/#heapdump,medium,2026-04-27
java-spring-003,java_spring,RestTemplate / WebClient connection pool 튜닝,"RestTemplate 기본 SimpleClientHttpRequestFactory는 connection pool이 없어 매 호출마다 TCP 핸드셰이크 발생 — TIME_WAIT 누적과 latency 증가. 운영용으로는 HttpComponentsClientHttpRequestFactory + PoolingHttpClientConnectionManager 권장. 핵심 설정: maxTotal(전체 풀 크기, 기본 20→100~200), defaultMaxPerRoute(라우트당, 기본 2→20~50), connectTimeout(3초), socketTimeout(10초), connectionRequestTimeout(풀 대기, 1초). socketTimeout 무한정이면 외부 서버 응답 지연 시 모든 워커 스레드가 묶이며 OOM 또는 행걸림. 모니터링: HttpClientBuilder의 ConnectionPoolControl로 leased/available 메트릭 노출. WebClient(Reactor Netty)는 ConnectionProvider로 pool 설정 — maxConnections(default 500) / pendingAcquireTimeout 명시.",Spring,RestTemplate,WebClient,ConnectionPool,Timeout,https://hc.apache.org/httpcomponents-client-5.2.x/quickstart.html,high,2026-04-27
java-spring-004,java_spring,Hibernate N+1 회피 패턴,"Hibernate N+1 문제는 부모 엔티티 N개 조회 후 각 자식 lazy 컬렉션 접근 시 추가 N개 쿼리 실행. 운영에서 흔한 OOM 원인 중 하나 — 쿼리 수가 폭증하면 ResultSet/Connection 누적. 해결 옵션: (1) JPQL fetch join: 'SELECT p FROM Parent p JOIN FETCH p.children' — 단 페이징(setMaxResults)과 같이 쓰면 메모리에서 잘라내므로 주의. (2) @EntityGraph로 동적 fetch 지정. (3) Hibernate @BatchSize(size=20)로 IN절 일괄 조회. (4) 진짜 페이징 필요 시 부모만 페이징하고 자식은 두 번째 쿼리로 일괄 IN. 진단: spring.jpa.show-sql=true 또는 P6Spy로 쿼리 카운트 확인. 정상 1쿼리가 N+1로 나오면 즉시 fetch 전략 검토. JPA Buddy나 IntelliJ Hibernate plugin이 N+1 자동 경고.",Spring,Hibernate,JPA,N+1,fetch,https://vladmihalcea.com/n-plus-1-query-problem/,medium,2026-04-27
java-jvm-001,java_spring,JVM 메모리 영역 개관,"JVM 메모리는 크게 Heap / Non-Heap / Native로 구분. Heap = Young(Eden+Survivor) + Old. 객체는 Eden에서 시작 → Minor GC 살아남으면 Survivor → 일정 age 이상 Old로 promotion. Non-Heap = Metaspace(클래스 메타데이터) + Code Cache(JIT 컴파일 코드) + Compressed Class Space. Native = Direct ByteBuffer, JNI, Thread stack 등. -Xmx는 Heap 최대치만 제어 — JVM 전체 RSS는 -Xmx + Metaspace + DirectMemory + ThreadStack(스레드당 1MB×개수) + JIT cache 합산. 컨테이너 환경에서 -Xmx만 설정하고 메모리 limit 같으면 OOM Killer 위험. 권장: -XX:MaxRAMPercentage=75 (컨테이너 메모리의 75%만 heap에 할당), 나머지 25%를 native에 양보. JDK 11+는 컨테이너 인식이 기본 활성.",JVM,Heap,Metaspace,Container,RSS,https://docs.oracle.com/en/java/javase/17/docs/specs/man/java.html,info,2026-04-27
java-jvm-002,java_spring,웹앱 ClassLoader 누수,"Tomcat hot deploy 또는 Spring DevTools 사용 시 이전 ClassLoader가 GC되지 않고 누적되는 현상. 원인: (1) ThreadLocal에 application class 저장 후 미정리 — Tomcat ThreadPool 스레드가 ThreadLocal 보유. (2) 외부 라이브러리(JDBC Driver, Logger)에 application class 등록 후 미해제 — DriverManager.deregisterDriver, LogManager reset 누락. (3) 정적 캐시에 Class<?> 저장. 진단: jmap -histo PID | grep -i loader 또는 MAT Class Loader Explorer로 동일 이름 ClassLoader 인스턴스 수 확인. 정상은 1~2개, 누수 시 5개 이상. Tomcat은 ServletContextListener.contextDestroyed에서 Driver 해제, ThreadLocal 정리, 자체 ScheduledExecutor shutdown 필수. Spring Boot 내장 Tomcat은 SpringBootServletInitializer 라이프사이클이 정리.",ClassLoader,Tomcat,JDBC,ThreadLocal,Leak,https://wiki.apache.org/tomcat/MemoryLeakProtection,high,2026-04-27
java-jvm-003,java_spring,Thread Dump 상태 해석,"jstack PID 또는 jcmd PID Thread.print로 캡처한 Thread Dump의 스레드 상태 의미. RUNNABLE = 실행 중 또는 OS 큐에서 CPU 대기. BLOCKED = synchronized 진입 대기(다른 스레드가 monitor 점유). WAITING = Object.wait, Thread.join, LockSupport.park 등 무한 대기. TIMED_WAITING = sleep, wait(timeout), parkNanos. 진단 패턴: (1) BLOCKED 다수 + 동일 monitor 주소 → lock contention. (2) WAITING 다수 + Pool 스레드 이름 → 작업 큐 대기로 정상 idle. (3) RUNNABLE 다수 + 동일 메소드 → CPU bound 또는 무한 루프. (4) BLOCKED + java.io.PrintStream.println → System.out 동기화 contention(로깅 전환 검토). 도구: fastthread.io, IBM Thread Analyzer로 시각화. Spring Boot Actuator의 /actuator/threaddump는 JSON으로 실시간 조회.",ThreadDump,jstack,BLOCKED,WAITING,Lock,https://fastthread.io/,info,2026-04-28
java-jvm-004,java_spring,JMX 활성화 옵션,"운영 중 JVM에 원격 JMX 모니터링(VisualVM, jconsole, Mission Control) 연결을 위한 JVM 옵션. -Dcom.sun.management.jmxremote -Dcom.sun.management.jmxremote.port=9010 -Dcom.sun.management.jmxremote.rmi.port=9010 -Dcom.sun.management.jmxremote.local.only=false -Dcom.sun.management.jmxremote.authenticate=true -Dcom.sun.management.jmxremote.ssl=true -Djava.rmi.server.hostname=<공인IP>. 보안 주의: 운영 환경에서 authenticate=false + ssl=false는 절대 금지 — JMX는 RCE 취약점이 다수 보고됨. 인증 파일: jmxremote.password(권한 0600), jmxremote.access. 컨테이너/NAT 환경: java.rmi.server.hostname을 외부 접근 가능 IP로 명시 안 하면 RMI stub이 잘못된 주소 반환해 연결 실패. 대안: Spring Boot Actuator + Micrometer + Prometheus가 운영 표준 권장.",JMX,VisualVM,JConsole,운영,Security,https://docs.oracle.com/en/java/javase/17/management/monitoring-and-management-using-jmx-technology.html,medium,2026-04-28
mat-tip-001,mat_tip,MAT Leak Suspects 해석 우선순위,"Eclipse MAT Leak Suspects 리포트는 retained heap 기준 상위 의심 객체를 자동 추출. 실무 판독 순서: (1) Suspect별 Shallow vs Retained 비율 — Retained가 압도적으로 크면 단일 GC 루트에 묶인 케이스로 누수 가능성 큼. (2) Accumulated Objects by Class — 동일 클래스가 비정상적으로 많으면 캐시·풀 누수 의심. (3) Path To GC Roots(exclude weak/soft references)로 강참조 경로만 추적해 진짜 누수 식별. 자동 분석 결과를 그대로 믿지 말고 cross-check: Histogram에서 의심 클래스의 정상 인스턴스 수와 비교. Top Components 리포트는 OS Native 또는 ClassLoader 단위 그룹화라 framework 누수(Spring, Hibernate) 식별에 유용. 프로젝트 화면 /analyze/{filename}의 Suspects 탭이 동일 데이터.",MAT,LeakSuspect,Heap,RetainedHeap,https://help.eclipse.org/latest/topic/org.eclipse.mat.ui.help/concepts/leaksuspects.html,info,2026-04-28
mat-oql-001,mat_tip,MAT OQL 기본 문법,"MAT의 OQL(Object Query Language)은 SQL 유사 문법으로 heap dump 객체를 질의. 기본 문법: SELECT <필드> FROM <클래스> [WHERE <조건>]. 예시 쿼리. 모든 String 인스턴스 길이 합계: SELECT sum(s.value.@length) FROM java.lang.String s. 큰 byte 배열 상위 20: SELECT * FROM byte[] s WHERE s.@length > 1000000. 특정 클래스 retained heap 상위: SELECT toString(o), o.@retainedHeapSize FROM com.example.MyClass o ORDER BY o.@retainedHeapSize DESC. 인스턴스 카운트: SELECT classof(o).@name, count(*) FROM java.util.HashMap o GROUP BY classof(o). @ 접두사는 MAT 내부 메타필드(@id, @retainedHeapSize, @objectAddress, @clazz). 와일드카드 클래스 검색: FROM com.example.* o. 결과를 트리로 보려면 SELECT objects 사용.",MAT,OQL,Query,Heap,https://help.eclipse.org/latest/topic/org.eclipse.mat.ui.help/reference/oqlsyntax.html,info,2026-04-28
mat-tip-002,mat_tip,Path To GC Roots 사용법,"Path To GC Roots는 객체가 GC되지 않는 이유(누가 강참조하는지)를 추적하는 핵심 기능. 사용 절차: 의심 객체 우클릭 → Path To GC Roots → with all references / exclude weak references / exclude soft references / exclude weak+soft+phantom 네 옵션. 누수 분석에는 'exclude weak/soft/phantom' 권장 — WeakHashMap이나 SoftReference는 GC 가능하므로 진짜 강참조만 보면 원인이 명확. 결과 트리: 객체 → 참조하는 객체 → ... → GC Root. GC Root 타입: System Class(static field), Thread(local var), JNI(native), Busy Monitor(synchronized 보유). 트리 깊이가 깊고 중간에 Map$Entry, ArrayList 등 컬렉션이 있으면 컬렉션 누수 패턴. 같은 GC Root에 묶인 객체 그룹은 Merge Shortest Paths로 공통 경로만 추출 가능.",MAT,GCRoot,StrongReference,Leak,Path,https://help.eclipse.org/latest/topic/org.eclipse.mat.ui.help/tasks/findingstrongrefstoobject.html,info,2026-04-28
mat-tip-003,mat_tip,Dominator Tree 의미,"Dominator Tree는 각 객체가 GC되면 함께 GC될 객체들을 부모-자식 관계로 표현. 그래프 이론의 dominator 개념: 객체 A가 객체 B의 dominator면 B로 가는 모든 경로가 A를 지남 → A가 GC되면 B도 GC됨. 실무 의미: 부모 객체의 retained heap = 자기 + 자기가 dominate하는 모든 자식. 큰 retained heap을 가진 객체를 찾으면 그것 하나만 회수해도 큰 메모리 절약. 사용법: Open Heap Dump → Dominator Tree 클릭 → retained heap 내림차순 정렬. Group by Class / Group by Class Loader / Group by Package로 집계 단위 변경. Top consumers 차트는 Dominator Tree의 시각화. 일반적으로 상위 5~10개 객체가 전체 heap의 50% 이상 차지 — 이들이 누수 후보 0순위.",MAT,DominatorTree,RetainedHeap,분석,https://help.eclipse.org/latest/topic/org.eclipse.mat.ui.help/concepts/dominatortree.html,info,2026-04-29
mat-tip-004,mat_tip,Histogram vs Class Loader Explorer,"Histogram은 클래스별 인스턴스 수와 메모리 사용량 표 — '어떤 클래스가 많이 쌓였나' 파악에 적합. 컬럼: Class Name / Objects / Shallow Heap / Retained Heap. 정렬을 Objects로 두면 인스턴스 폭증한 클래스(누수 후보) 식별. Class Loader Explorer는 ClassLoader별로 어떤 클래스를 로드했는지 트리 — '같은 클래스가 다른 ClassLoader로 중복 로드되었는지'(=ClassLoader 누수) 식별에 적합. Tomcat hot reload 누수 진단 시 첫 번째로 보는 화면. 동일 ClassLoader가 여러 인스턴스 있으면 정상이 아님. 두 화면 비교법: Histogram에서 자기 패키지 클래스 인스턴스 수가 ClassLoader 인스턴스 수의 배수면 누적 의심. ClassLoader Explorer에서 의심 ClassLoader 우클릭 → List Objects with incoming references로 누가 참조하는지 추적.",MAT,Histogram,ClassLoaderExplorer,Tomcat,https://help.eclipse.org/latest/topic/org.eclipse.mat.ui.help/reference/inspections/histogram.html,info,2026-04-29
ts-2026-001,troubleshooting,결제 PG 응답 지연 → OOM 가상 사례,"(예시 — 실제 사례로 교체 필요) 가정 시나리오: 결제 모듈 P1 장애. 14:20부터 GC 빈도 급증, 14:35 OOM. 원인 분석 절차: (1) 장애 직전 5분 GC 로그 확인 → Old Gen 회수율 30% 미만. (2) 자동 캡처된 heap dump를 MAT으로 열어 Leak Suspects 확인 → org.apache.http.impl.client.PoolingHttpClientConnectionManager가 retained heap 1위. (3) Path To GC Roots → RestTemplate connection pool에 미해제 응답 객체가 누적. (4) 응답 본문이 byte[] 8MB짜리 PG 거래내역 PDF였음. 해결: HttpClient connectTimeout 3초/socketTimeout 10초 명시 추가, 응답 본문 크기 제한(StreamingHttpEntity로 스트리밍 처리), Micrometer로 pool 점유 모니터링. 재발 방지: 외부 API 연동 모든 모듈에 timeout 표준 + circuit breaker(Resilience4j) 도입. 운영 사례 작성자가 본인 사내 인시던트로 교체 권장.",incident,OOM,RestTemplate,PG,Timeout,(예시 — 실제 사례로 교체 필요),critical,2026-04-29
ts-2026-002,troubleshooting,배치 ThreadPool 누수 가상 사례,"(예시 — 실제 사례로 교체 필요) 가정 시나리오: 매일 새벽 02시 배치 후 메모리 회복 안 됨, 7일 누적되어 OOM. 원인 분석: (1) 배치 종료 시점 heap dump → java.lang.Thread 인스턴스가 정상의 7배. (2) Histogram에서 ScheduledThreadPoolExecutor가 7개 — 매일 새 인스턴스 생성 후 shutdown 안 됨. (3) 코드 리뷰 결과 BatchService가 @PostConstruct에서 Executors.newScheduledThreadPool(10) 호출하나 @PreDestroy에서 shutdown() 누락 + 매번 새 ApplicationContext 생성하는 잘못된 통합 테스트 패턴이 운영에 섞임. 해결: shutdownNow() + awaitTermination 추가, Spring TaskScheduler 빈으로 전환(라이프사이클 자동 관리), @PostConstruct/@PreDestroy 짝 점검. 재발 방지: ApplicationContext 생성 모니터링 메트릭 + ExecutorService를 직접 new하지 않는 코드 컨벤션.",incident,ThreadPool,Executor,Batch,Leak,(예시 — 실제 사례로 교체 필요),high,2026-04-29
ts-2026-003,troubleshooting,Thymeleaf 템플릿 캐시 OOM 가상 사례,"(예시 — 실제 사례로 교체 필요) 가정 시나리오: 운영 환경에서 메모리가 점진 증가, 일주일 후 OOM. 원인 분석: (1) MAT Dominator Tree → org.thymeleaf.cache.StandardCache가 retained heap 상위. (2) 캐시 키가 사용자 ID + 템플릿명 조합으로 만들어져 사용자 수만큼 무한 증가. (3) 코드 추적 결과 커스텀 IDialect 구현체가 사용자별 캐시 키를 잘못 생성. 해결: spring.thymeleaf.cache=true(기본값) 유지하되 캐시 크기 제한(thymeleaf TemplateEngine의 cacheManager에 maxSize 명시), 커스텀 다이얼렉트의 캐시 키에서 사용자 식별자 제거(템플릿 자체는 사용자 무관). 재발 방지: 모든 캐시는 필수로 maxSize 명시, Micrometer cache.size 임계 알람.",incident,Thymeleaf,Cache,OOM,(예시 — 실제 사례로 교체 필요),high,2026-04-29
ts-2026-004,troubleshooting,Tomcat JSP 컴파일 누적 가상 사례,"(예시 — 실제 사례로 교체 필요) 가정 시나리오: 사내 레거시 JSP 기반 시스템에서 운영 중 OOM 반복. 원인 분석: (1) MAT Class Loader Explorer → 동일 JSP 클래스가 수백 개 로드됨. (2) 사용자가 URL에 ?param=값 변형으로 접속할 때마다 Tomcat이 새 JSP 컴파일 트리거 — JspServlet의 development 모드 false인데도 invalid JSP path가 컴파일러를 자극. (3) Metaspace는 무제한 설정, 컴파일된 클래스가 누적되며 Heap의 ConstantPool 참조 증가. 해결: Tomcat web.xml의 JspServlet 매개변수 development=false + checkInterval=0 + modificationTestInterval=0 명시. JSP path 화이트리스트 필터로 임의 path 차단. 재발 방지: Metaspace 명시적 한도(-XX:MaxMetaspaceSize=512m) + 알람. 장기적으로 JSP→Thymeleaf 전환 검토.",incident,Tomcat,JSP,Metaspace,(예시 — 실제 사례로 교체 필요),medium,2026-04-29
oom-2026-005,heap_analysis,ZGC 환경 OOM 분석 (JDK 17+),"ZGC는 sub-millisecond pause를 목표로 하는 concurrent GC. JDK 15 production-ready, JDK 17 LTS에서 안정. OOM 진단 차이점: (1) ZGC는 region 기반이 아니라 colored pointer 사용 — Humongous 개념 없음, 큰 객체도 일반 할당. (2) -Xlog:gc로 Allocation Stall 로그 확인 — concurrent GC가 allocation rate 못 따라가면 mutator가 stall. Allocation Stall이 길거나 잦으면 -XX:ConcGCThreads 증가 또는 heap 확장. (3) Generational ZGC(JDK 21+, -XX:+ZGenerational)는 young/old 분리로 throughput 개선. (4) RSS 모니터링 주의: ZGC는 동일 heap을 3개 가상 매핑(virtual memory 3배)으로 보여 top/ps 출력이 -Xmx의 3배로 보일 수 있으나 실제 RSS는 1배. 해결: jcmd PID GC.heap_info로 정확한 사용량, Native Memory Tracking 병행.",OOM,ZGC,JDK17,Concurrent,AllocationStall,https://wiki.openjdk.org/display/zgc/Main,high,2026-04-30
oom-2026-006,heap_analysis,Stack Overflow vs Heap OOM 구분,"java.lang.StackOverflowError와 OutOfMemoryError는 다른 메모리 영역. StackOverflow = 스레드 스택 한계 초과(기본 1MB, -Xss로 조정). 주요 원인: 무한 재귀, 깊은 재귀(JSON 직렬화 순환참조), 과도한 메소드 체이닝. 진단: 스택 트레이스가 동일 메소드 반복 패턴이면 재귀 의심. -Xss를 2m으로 늘리는 임시 회피보다 재귀 종료 조건 수정이 정도. 한편 'unable to create new native thread'는 OutOfMemoryError 클래스이지만 heap이 아니라 OS 스레드 한계 또는 RSS 부족. ulimit -u로 max user processes 확인, /proc/sys/kernel/threads-max로 시스템 한도 확인. 컨테이너에서는 PID 한도(pids.max cgroup)도 점검. 해결: ThreadPool 도입으로 스레드 무한 생성 차단, ulimit 상향, 컨테이너 PIDs limit 조정.",StackOverflow,Recursion,NativeThread,Xss,ulimit,https://docs.oracle.com/en/java/javase/17/troubleshoot/troubleshooting-memory-leaks.html,medium,2026-04-30
oom-2026-007,heap_analysis,Compressed Oops 32GB 경계,"JVM Compressed Oops는 64bit JVM에서 객체 참조를 32bit로 압축해 메모리 절감(약 1.5배 효율). 한계: -Xmx 32GB 미만에서만 자동 활성. 31GB→33GB로 heap을 늘리면 압축 해제되어 오히려 사용 가능 메모리가 줄어드는 역설 발생. 검증: jmap -heap PID 출력의 'compressed oops: true/false' 확인. -XX:+PrintFlagsFinal | grep UseCompressedOops로 현재 상태. 권장: 32GB 미만 유지 또는 64GB+로 명확히 큰 heap. 31GB 권장(JVM 내부 reserved 영역 고려해 32GB 직전). -XX:ObjectAlignmentInBytes=16과 함께 -XX:+UseCompressedOops로 64GB까지 압축 사용 가능하나 alignment 손실로 실제 효율 저하. 큰 heap이 필요하면 ZGC 검토 — ZGC는 colored pointer 사용해 Compressed Oops 무관.",CompressedOops,32GB,JVM,Heap,Tuning,https://wiki.openjdk.org/display/HotSpot/CompressedOops,info,2026-04-30
leak-2026-004,heap_analysis,Spring ApplicationListener 누수 패턴,"Spring ApplicationContext는 등록된 ApplicationListener를 강참조 보유. 동적으로 prototype 빈에서 ApplicationContext.publishEvent를 받는 listener를 등록 후 제거하지 않으면 listener 인스턴스 + 참조하는 모든 객체가 ApplicationContext lifetime 동안 retain. MAT 진단: ConfigurableApplicationContext의 applicationListeners 컬렉션 retained heap 확인. 인스턴스 수가 정상 빈 갯수 대비 비정상적으로 많으면 누수. 흔한 패턴: 사용자 세션별 EventListener 동적 등록, AsyncEventListener 동적 추가, 테스트에서 ApplicationContext 재사용 안 하고 매번 새로 만들면서 listener 누적. 해결: addApplicationListener 사용 시 반드시 짝으로 제거 가능한 패턴 또는 SmartApplicationListener의 supportsEventType으로 필터. ApplicationEventMulticaster에 직접 addApplicationListenerBean을 쓰면 prototype 빈 누수 회피.",Leak,Spring,ApplicationListener,EventListener,https://docs.spring.io/spring-framework/reference/core/beans/context-introduction.html,medium,2026-04-30
leak-2026-005,heap_analysis,JDBC Connection 누수 패턴,"DataSource에서 Connection을 빌리고 close()를 호출하지 않으면 pool이 고갈되고 Connection 객체 자체도 메모리에 retain. HikariCP/Tomcat JDBC pool 모두 동일. 증상: HikariPool-1 - Connection is not available, request timed out 로그 + heap 증가. MAT 진단: com.zaxxer.hikari.pool.PoolEntry 인스턴스 수가 maximumPoolSize 근처에 고정 + Statement/ResultSet 인스턴스가 비정상 다수. 원인 패턴: (1) try-with-resources 미사용. (2) JdbcTemplate 외부에서 직접 getConnection 후 finally 누락. (3) 트랜잭션 전파(@Transactional REQUIRES_NEW) 중 예외로 connection 미반환. 해결: HikariCP leakDetectionThreshold=60000 활성으로 누수 스레드 스택 자동 로깅. JdbcTemplate/JPA 사용 강제 + 직접 Connection 획득 코드 리뷰 룰. 모니터링: hikaricp.connections.active vs hikaricp.connections.idle 메트릭.",Leak,JDBC,Connection,HikariCP,LeakDetection,https://github.com/brettwooldridge/HikariCP#configuration-knobs-baby,high,2026-04-30
gc-2026-001,heap_analysis,GC 로그 기본 해석,"JDK 9+ 통합 로깅(-Xlog:gc*) 기본 출력 형식. [0.123s][info][gc] GC(0) Pause Young (Normal) (G1 Evacuation Pause) 100M->20M(256M) 5.123ms. 의미: 시작 시각(0.123초), GC 카운터(0), GC 종류(Pause Young), 트리거(G1 Evacuation), 회수 전→후(전체) heap, 소요 시간. 핵심 패턴: (1) Young GC 빈도 — 1초당 1회 이하 정상, 너무 잦으면 Young 부족. (2) Mixed GC 필요 — Old 점유율이 IHOP 임계 도달 시. (3) Full GC 발생은 비상 — G1에서 Full GC는 회수 실패 또는 Humongous allocation 폭주 신호. 권장 옵션: -Xlog:gc*,gc+heap=debug,gc+age=trace:file=gc.log:tags,uptime,time:filecount=10,filesize=10M. 분석 도구: GCViewer, GCEasy, JITWatch.",GC,로그,YoungGC,MixedGC,FullGC,https://docs.oracle.com/en/java/javase/17/gctuning/garbage-collector-implementation.html,info,2026-04-30
gc-2026-002,heap_analysis,Promotion Failure 패턴,"Young GC 중 Survivor에서 Old로 promotion하려 했으나 Old에 공간 부족 시 발생. 로그: 'Promotion failed' 또는 'concurrent mode failure'. 결과: 즉시 Full GC stop-the-world, 보통 OOM 직전 신호. 원인: (1) Old 단편화 — CMS 환경에서 자주. (2) Allocation rate 급증 — 트래픽 급증, 배치 시작. (3) 거대 객체 폭주 — Humongous(G1) 또는 그냥 큰 byte[]. 진단: GC 로그에서 promotion failed 직전의 Young GC 회수 효율 + Old 점유율 추이. MAT으로 Old에 대량 잔존하는 클래스 확인. 해결: -XX:+PrintPromotionFailure로 누가 실패시켰는지 로깅, Old 영역 확장(-Xmx 증가 또는 NewRatio 조정), G1으로 전환(-XX:+UseG1GC + region 단편화 자동 회피), 큰 객체 풀링(byte buffer pool 등).",PromotionFailure,FullGC,CMS,G1,Tuning,https://www.oracle.com/technical-resources/articles/java/g1gc.html,high,2026-04-30
gc-2026-003,heap_analysis,Allocation Rate 측정과 분석,"Allocation Rate = 단위 시간당 Eden에 할당되는 메모리량. GC 압력의 직접 지표. 계산: 두 Young GC 사이 (Young 회수 직전 사용량 - 회수 직후 사용량) / 시간 차이. 예: GC(N) 50M->5M, 1초 후 GC(N+1) 60M->8M → (60-5) MB/초 = 55 MB/s allocation rate. 정상 웹앱: 100~500 MB/s. 1 GB/s 초과면 GC overhead 문제 가능. 도구 자동화: GCViewer 'allocated/s', GCEasy 'object creation rate', Micrometer jvm.gc.memory.allocated counter rate. 높은 allocation rate 원인: 과도한 String/Object 생성(반복 toString/concat), 매 요청마다 큰 객체 생성, 로깅 verbose. 해결: 객체 풀링은 신중히(GC가 보통 풀링보다 효율), StringBuilder/Buffer 재사용, JFR로 hot allocation 사이트 식별 후 핫스팟 최적화.",GC,AllocationRate,Eden,Performance,JFR,https://docs.oracle.com/en/java/javase/17/jfapi/getting-started.html,info,2026-04-30
java-spring-005,java_spring,Spring AOP CGLIB 프록시 메모리 비용,"Spring AOP는 인터페이스 기반 빈에 JDK Proxy, 클래스 기반에 CGLIB Proxy 사용. CGLIB은 런타임에 서브클래스 바이트코드 생성 — 빈마다 새 Class 생성되어 Metaspace 사용. 다수의 @Transactional/@Async/@Cacheable 빈이 있으면 누적. 진단: jcmd PID VM.metaspace 또는 MAT Class Loader Explorer에서 Spring CGLIB 패턴 클래스(MyService$$EnhancerBySpringCGLIB$$xxx) 인스턴스 수 확인. 정상은 빈당 1개, 다수면 ApplicationContext 재생성 누수. 메모리 영향: CGLIB 클래스당 약 5~20KB Metaspace + 1KB Heap. 1000 빈이면 5~20MB Metaspace. proxyTargetClass=false(인터페이스 있으면 JDK Proxy 우선)로 약간 절감. 권장: @EnableAspectJAutoProxy(proxyTargetClass=false), final 클래스/메소드 피하기(CGLIB 강제 트리거).",Spring,AOP,CGLIB,Proxy,Metaspace,https://docs.spring.io/spring-framework/reference/core/aop/proxying.html,info,2026-04-30
java-spring-006,java_spring,Spring @Async ThreadPool 설정,"Spring @Async는 기본적으로 SimpleAsyncTaskExecutor 사용 — 매 호출마다 새 스레드 생성, 풀링 안 함. 운영에서 절대 사용 금지. 적절한 설정: @Configuration에 @Bean으로 ThreadPoolTaskExecutor 등록, corePoolSize/maxPoolSize/queueCapacity 명시. 권장 시작값: core=CPU코어수, max=core*2, queue=100. RejectedExecutionHandler 명시(기본 AbortPolicy → 거부 시 예외, CallerRunsPolicy면 호출 스레드가 실행해 throttling 효과). 누수 패턴: queue=Integer.MAX_VALUE면 max에 도달 못해 maxPoolSize 무의미 + 메모리 무한 누적. 모니터링: ThreadPoolTaskExecutor.getActiveCount/getQueueSize/getPoolSize, Spring Boot Actuator metrics(executor.active/executor.queued). 종료 시 setWaitForTasksToCompleteOnShutdown(true) + setAwaitTerminationSeconds(30)으로 graceful shutdown.",Spring,Async,ThreadPool,Executor,Tuning,https://docs.spring.io/spring-framework/reference/integration/scheduling.html,medium,2026-04-30
java-spring-007,java_spring,Spring @Cacheable maxSize 필수,"Spring Cache abstraction(@Cacheable)은 기본 ConcurrentMapCacheManager 사용 — 사이즈 제한 없는 ConcurrentHashMap. 운영에서 사실상 메모리 누수. CacheManager를 반드시 교체: Caffeine 권장(JVM 내장 캐시 표준). 설정: @Bean CaffeineCacheManager + caffeineSpec=maximumSize=10000,expireAfterWrite=5m. 또는 application.properties spring.cache.type=caffeine + spring.cache.caffeine.spec. 분산 캐시 필요 시 Redis(spring-boot-starter-data-redis + spring-boot-starter-cache). 진단: Micrometer cache.size, cache.gets(result=hit/miss), cache.puts 메트릭 노출. hit ratio 30% 미만이면 캐시 키 설계 잘못. cache.evictions 증가는 maxSize 도달 신호. 캐시 키 설계 주의: 사용자 ID 포함하면 사용자 수만큼 키 폭증.",Spring,Cache,Cacheable,Caffeine,Redis,https://docs.spring.io/spring-boot/docs/current/reference/html/io.html#io.caching,high,2026-04-30
java-jvm-005,java_spring,Container 환경 메모리 인식,"JDK 8u191+, JDK 10+에서 -XX:+UseContainerSupport(기본 활성)로 cgroup memory limit 인식. -Xmx 미지정 시 컨테이너 limit 기반 자동 산정. 권장 옵션: -XX:MaxRAMPercentage=75 (기본 25, 너무 보수적), -XX:InitialRAMPercentage=50, -XX:MinRAMPercentage=50. 즉 컨테이너 memory limit가 4GB면 heap에 3GB(-Xmx3g 효과), 나머지 1GB는 Metaspace+Direct+Stack+JIT. -Xmx와 limit를 동일하게 두면 native 영역 없어 OOM Killer 위험. 검증: jcmd PID VM.flags | grep MaxHeapSize. 컨테이너 memory.usage_in_bytes(cgroup v1) 또는 memory.current(v2)로 실제 RSS 모니터링. K8s에서는 requests=limits로 QoS=Guaranteed 권장. JDK 17+는 cgroup v2 인식 개선.",JVM,Container,Kubernetes,cgroup,RAMPercentage,https://www.eclipse.org/openj9/docs/xxusecontainersupport/,info,2026-04-30
java-jvm-006,java_spring,GC 알고리즘 선택 가이드,"JDK 17+ 사용 가능 GC와 권장 시나리오. (1) G1GC(-XX:+UseG1GC, JDK 9+ 기본): heap 4~32GB, throughput과 latency 균형. 99%의 일반 웹앱 권장. (2) Parallel GC(-XX:+UseParallelGC): batch/throughput 우선, pause 시간 무관(>1초 OK). 옛날 기본. (3) ZGC(-XX:+UseZGC, JDK 15+ stable): heap 8GB~16TB, sub-millisecond pause 필요. low-latency 트레이딩, 실시간 게임. JDK 21+ Generational ZGC는 throughput도 개선. (4) Shenandoah(-XX:+UseShenandoahGC): ZGC 대안, RedHat OpenJDK 빌드. (5) Serial GC(-XX:+UseSerialGC): 1GB 미만 작은 힙, single-thread 환경. 임베디드. (6) Epsilon(-XX:+UseEpsilonGC): no-op GC, 짧은 수명 프로세스/벤치마크 전용. 선택 기준: heap 크기 + pause 요구 → G1 우선, latency 중요하면 ZGC.",JVM,GC,G1,ZGC,Shenandoah,Parallel,https://docs.oracle.com/en/java/javase/17/gctuning/available-collectors.html,info,2026-04-30
java-jvm-007,java_spring,Heap Dump 캡처 명령 5종,"운영 중 heap dump를 얻는 5가지 방법. (1) jcmd PID GC.heap_dump /path/file.hprof — 외부 도구 불필요, 가장 권장. -all 옵션은 GC 거치지 않음(누수 진단용). (2) jmap -dump:format=b,file=file.hprof PID — 레거시, JDK 9+에서는 jcmd 권장. live 옵션(-dump:live)은 GC 후 캡처. (3) -XX:+HeapDumpOnOutOfMemoryError -XX:HeapDumpPath=/dump — OOM 발생 시 자동 캡처. 운영 필수 옵션. (4) Spring Boot Actuator /actuator/heapdump — HTTP 호출, .hprof.gz 다운로드. (5) JMX HotSpotDiagnosticMXBean.dumpHeap(path, live) — 프로그래매틱. 모든 방법 공통 주의: heap dump 캡처는 stop-the-world(수십 초~수 분), 운영 중 호출은 사용자 영향 평가 후 수행. 디스크 여유: -Xmx의 1.5배 권장(-Xmx 8GB면 12GB 여유). 캡처 후 즉시 gzip 압축해 다른 호스트로 이동(/tmp 가득 위험).",JVM,HeapDump,jcmd,jmap,Actuator,https://docs.oracle.com/en/java/javase/17/troubleshoot/diagnostic-tools.html,info,2026-04-30
java-jvm-008,java_spring,JIT 컴파일 단계와 Code Cache,"HotSpot JIT는 Tiered Compilation(-XX:+TieredCompilation, JDK 8+ 기본). 단계: Level 0(인터프리터) → Level 1~3(C1 컴파일러, 빠른 컴파일) → Level 4(C2 컴파일러, 최적화 집중). 메소드 호출 횟수가 임계 도달하면 단계 승격. 결과 코드는 Code Cache(-XX:ReservedCodeCacheSize, 기본 240MB) 저장. Code Cache 부족 시 JIT 비활성 → 인터프리터 실행으로 성능 급락. 진단: -XX:+PrintCodeCache 종료 시 출력, jcmd PID Compiler.codecache 실시간. 'CodeCache is full. Compiler has been disabled' 로그가 결정적. 해결: -XX:ReservedCodeCacheSize=512m로 확장, JFR로 inline failure 분석, JDK 9+ 분리된 code heap(-XX:+SegmentedCodeCache 기본)으로 단편화 완화. 마이크로서비스 다수 빈/AOP 환경에서 code cache 빨리 참.",JIT,CodeCache,C1,C2,TieredCompilation,https://docs.oracle.com/en/java/javase/17/vm/java-hotspot-virtual-machine-performance-enhancements.html,info,2026-04-30
mat-tip-005,mat_tip,Top Components 리포트 활용,"MAT의 Top Components 리포트는 retained heap을 ClassLoader 또는 Package 단위로 그룹화해 '어떤 모듈이 메모리를 가장 많이 차지하나' 식별. /analyze/{filename} 화면의 Top Components 탭이 동일. 사용 시점: Leak Suspects는 단일 객체 우선이라 framework 누수가 안 보일 때, 모듈/라이브러리 단위 분석에 적합. 해석: System Class Loader는 JDK 자체, AppClassLoader는 application classes, WebappClassLoader(Tomcat)는 webapp 단위. WebappClassLoader가 비정상 retained heap이면 ClassLoader 누수 의심. Spring framework, Hibernate, Logging library 별로 retained heap을 보면 어느 라이브러리에 누수 가능성 있는지 1차 스크리닝. 한계: 단일 객체 누수는 안 보임 — Leak Suspects와 병행 분석 필수.",MAT,TopComponents,ClassLoader,Package,모듈누수,https://help.eclipse.org/latest/topic/org.eclipse.mat.ui.help/reference/inspections/component_report.html,info,2026-04-30
mat-tip-006,mat_tip,두 Heap Dump 비교 분석,"운영 중 두 시점 heap dump를 비교해 '시간에 따라 무엇이 늘었나' 식별. MAT 메뉴: Window → Open Heap Dump(첫 번째) → Histogram → 우상단 Compare With 아이콘 → 두 번째 dump 선택. 결과: Class Name / Objects(차이) / Shallow Heap(차이) 컬럼. + 값이 큰 클래스가 누수 후보. 분석 시나리오: T0(서비스 기동 직후) vs T1(24시간 운영 후) 차이가 정상 캐시 워밍업 vs 누수 구분. 1~2개 클래스만 비정상 증가면 누수, 전반적 비례 증가면 트래픽에 따른 정상. 도구 한계: 두 dump가 서로 다른 JVM 버전이면 클래스 시그니처 차이로 비교 부정확. 같은 JVM/같은 호스트에서 캡처 권장. 자동화: jcmd로 주기적 capture + 스크립트로 jhsdb hprof-diff(JDK 9+) 비교.",MAT,Compare,Histogram,DiffAnalysis,https://help.eclipse.org/latest/topic/org.eclipse.mat.ui.help/tasks/comparingdata.html,info,2026-04-30
mat-tip-007,mat_tip,MAT Thread Stack 분석,"Heap dump에는 캡처 시점의 Thread 정보와 스택 프레임도 포함. MAT의 Thread Overview 화면(우측 메뉴 Open Query Browser → Java Basics → Thread Overview): 모든 스레드 목록 + 상태 + retained heap. 각 스레드 클릭 → Thread Details에서 스택 프레임의 local variables를 객체 단위로 검사 가능. 활용: (1) BLOCKED 스레드의 monitor 보유자 식별. (2) RUNNABLE 스레드가 어떤 메소드 어떤 객체를 처리 중이었는지. (3) 큰 객체가 메소드 local에 잡혀있어 retain되는 케이스 진단. 본 프로젝트의 /analyze/{filename}의 Threads 탭이 동일 정보 — Thread Overview HTML과 .threads 파일을 매칭. 한계: Thread Dump(jstack)와 달리 스택 프레임 line number는 부정확할 수 있음. 정밀 분석은 jstack 별도 캡처와 cross-check.",MAT,ThreadOverview,Thread,StackFrame,https://help.eclipse.org/latest/topic/org.eclipse.mat.ui.help/tasks/analyzingthreads.html,info,2026-04-30
mat-tip-008,mat_tip,MAT Inspector 뷰 사용법,"MAT Inspector 뷰는 선택된 객체의 필드값과 참조 관계를 자세히 검사하는 사이드 패널. 활성화: Window → Show View → Inspector. Histogram이나 Dominator Tree에서 객체 선택 시 자동 갱신. 표시 정보: (1) Statistics — Shallow/Retained heap, GC root 여부. (2) Attributes — 모든 필드의 값(primitive는 직접, 객체는 클래스명+@id). (3) Class Hierarchy — 상속 트리. (4) Static Fields — 클래스 레벨 static 변수. 활용: Map/Cache 객체에서 표 안의 실제 키-값 페어 확인, Spring bean의 의존성 그래프 추적, 거대 byte[]의 hex 미리보기로 어떤 데이터인지(이미지/JSON/PDF) 식별. 객체 ID(@1234)로 OQL과 연계: SELECT * FROM SomeClass WHERE @id = 1234. 단축 활용: 우클릭 → Copy → Address로 ID 복사.",MAT,Inspector,Fields,Debug,https://help.eclipse.org/latest/topic/org.eclipse.mat.ui.help/reference/inspections/inspector_view.html,info,2026-04-30
mat-oql-002,mat_tip,MAT OQL 고급 — UNION 서브쿼리,"OQL은 SQL처럼 UNION과 서브쿼리 지원. 서브쿼리 예: 큰 String을 가진 객체 찾기 — SELECT * FROM com.example.User u WHERE (SELECT s FROM java.lang.String s WHERE s = u.name AND s.value.@length > 100) != null. UNION: 두 결과 병합 — SELECT * FROM java.util.HashMap m UNION (SELECT * FROM java.util.LinkedHashMap m). 객체 ID로 직접 참조: SELECT * FROM 0x7fb8c0001234. 와일드카드: SELECT * FROM \"java\\..*Map\" 정규식. 다중 클래스: SELECT * FROM INSTANCEOF java.util.Collection — 모든 컬렉션 서브타입. 집계 함수: count, sum, avg, min, max는 모두 지원하나 그룹화는 GROUP BY로. 결과를 다른 쿼리에 입력: 우클릭 'Use selected objects'. 디버깅: 결과 0건이면 와일드카드/정규식 escape 확인.",MAT,OQL,SQL,Subquery,UNION,https://help.eclipse.org/latest/topic/org.eclipse.mat.ui.help/reference/oqlsyntax.html,info,2026-04-30
mat-oql-003,mat_tip,OQL로 Duplicate Strings 탐지,"동일 String 인스턴스 다중 생성은 흔한 메모리 낭비 — String.intern() 또는 String.intern() 자동(JDK 7+) 누락. OQL 진단: SELECT a.toString(), count(a) FROM java.lang.String a GROUP BY a.toString() HAVING count(a) > 100 ORDER BY count(a) DESC. 결과의 상위 String이 'application/json' 'true' 'GET' 같은 짧은 상수면 intern() 또는 enum 변환으로 100% 절감 가능. byte[] 중복도 동일 패턴: SELECT a.@length, count(a) FROM byte[] a GROUP BY a.@length HAVING count(a) > 1000. 결과의 동일 길이 byte[] 다수면 캐시 미사용 의심. 절감 효과: 운영 환경에서 짧은 상수 String 1만개 중복 → 약 240KB(인스턴스당 24바이트) + char[] 데이터. 자동화: JFR Old Object Sample 이벤트로 주기적 모니터링.",MAT,OQL,Duplicate,String,Intern,https://shipilev.net/jvm/anatomy-quarks/10-string-intern/,info,2026-04-30
mat-tip-009,mat_tip,Reachable vs Unreachable Objects,"기본 heap dump는 Reachable Objects(GC root에서 도달 가능)만 포함. Unreachable(곧 GC 대상이지만 아직 회수 안 된)은 제외. 누수 분석에는 Reachable이면 충분 — 못 회수되는 게 누수이므로. 그러나 GC 동작 자체를 분석할 때는 Unreachable 필요. 캡처 옵션: jmap -dump:live(Reachable만) vs jmap -dump:format=b(전체). MAT 옵션: File → Open Heap Dump → 'Keep unreachable objects' 체크. 본 프로젝트 /settings의 'Keep Unreachable Objects' 토글이 MAT CLI -keep_unreachable_objects 옵션 제어. 활성 시 분석 시간 1.5~2배, dump 파일도 그대로 보존. 일반 누수 진단은 비활성 권장(노이즈 적고 빠름). GC 비효율 분석/Cleaner 진단 시만 활성.",MAT,Reachable,Unreachable,GC,KeepUnreachable,https://help.eclipse.org/latest/topic/org.eclipse.mat.ui.help/reference/preferences.html,info,2026-04-30
mat-tip-010,mat_tip,MAT Index 파일 의미,"MAT은 heap dump 첫 분석 시 .index 디렉토리에 사전 계산 색인 파일들을 생성 — a2s/idx/inbound/outbound/o2c 등. 두 번째 열 때부터는 색인 재사용해 빠른 로딩. 인덱스 크기: 원본 .hprof의 30~50%. 디스크 부담 큰 경우 분석 후 .index 디렉토리 삭제 가능 — 다음 열기는 다시 사전 계산(수 분~수십 분). 본 프로젝트는 분석 후 .index와 보고서 ZIP만 보존, .hprof는 압축(.gz)하여 dumpfiles/에. data/{baseName}/ 디렉토리 안에 .index 잔존 시 재분석 시도하면 곧바로 사용. .index 손상 신호: 'IOException at offset' 또는 'Index file corrupt' 에러 → .index 디렉토리 통째 삭제 후 재분석. JVM 버전이 달라지면 인덱스 호환 안 되니 동일 환경에서 분석 권장.",MAT,Index,분석속도,Cache,https://help.eclipse.org/latest/topic/org.eclipse.mat.ui.help/concepts/heapdump.html,info,2026-04-30
ts-2026-005,troubleshooting,Logback async appender 큐 누적 가상 사례,"(예시 — 실제 사례로 교체 필요) 가정 시나리오: 운영 중 OOM, heap dump 분석 결과 ch.qos.logback.classic.AsyncAppender의 BlockingQueue가 retained heap 1위. 원인 분석: (1) 외부 syslog 서버 응답 지연으로 Logback async appender의 ConsoleAppender 출력이 느려져 큐 누적. (2) queueSize 기본 256이지만 application 코드에서 8192로 늘려 둔 상태 + neverBlock=true로 큐 가득해도 처리 진행. (3) ERROR 레벨 로그가 평소보다 100배 폭증. 해결: queueSize를 적정값(1024)으로 환원, neverBlock=false(기본)로 설정해 큐 가득 시 블록 또는 discard. discardingThreshold=20%으로 큐 80% 차면 TRACE/DEBUG 자동 drop. 외부 로그 시스템 장애 대비: 1차 로컬 파일 → 별도 fluent-bit/filebeat가 외부 전송하는 구조. 재발 방지: jvm.threads.queue.size 메트릭 알람.",incident,Logback,AsyncAppender,Queue,(예시 — 실제 사례로 교체 필요),high,2026-04-30
ts-2026-006,troubleshooting,HikariCP Connection Pool 고갈 가상 사례,"(예시 — 실제 사례로 교체 필요) 가정 시나리오: API 응답이 갑자기 30초 timeout 다발. 'HikariPool-1 - Connection is not available, request timed out after 30000ms' 로그 폭증. 원인 분석: (1) HikariCP maximumPoolSize=20, 평소 active=5 정도였으나 장애 시각부터 active=20 고정. (2) leakDetectionThreshold=60000 활성으로 누수 스레드 자동 로깅 — 스택이 모두 동일 BatchService.processItems. (3) 코드 추적: try { conn = dataSource.getConnection(); ... 처리 ... conn.close(); } 인데 처리 도중 RuntimeException 발생 시 close 호출 안 됨. 해결: try-with-resources로 변경 try (Connection conn = dataSource.getConnection()) { ... }. 또는 JdbcTemplate 강제 사용. 모니터링: hikaricp.connections.active vs idle 메트릭 + active=max에 도달하면 알람. 재발 방지: 코드 리뷰 룰에 직접 getConnection 금지 + try-with-resources 의무화.",incident,HikariCP,Connection,LeakDetection,(예시 — 실제 사례로 교체 필요),critical,2026-04-30
ts-2026-007,troubleshooting,Kafka Consumer rebalance 중 OOM 가상 사례,"(예시 — 실제 사례로 교체 필요) 가정 시나리오: Kafka consumer 그룹에서 한 인스턴스 OOM 발생. 원인 분석: (1) 평소 partition 10개를 5개 인스턴스가 분산 — 인스턴스당 2 partition. (2) 인스턴스 1개 다운으로 rebalance 발생, 살아있는 인스턴스가 2.5 partition씩 보유 → max.poll.records=500 × partition 증가로 한 poll에 1250개 메시지. (3) 메시지당 평균 2KB → poll 1회당 2.5MB 메모리, 처리 중 다음 poll 누적. heap dump에서 ConsumerRecords가 retained heap 상위. 해결: max.poll.records를 200으로 축소 + max.partition.fetch.bytes 명시 제한. consumer 인스턴스 수를 partition 수보다 1개 많이 두어 rebalance 영향 최소화. 메시지 처리는 ThreadPool로 비동기 처리하되 backpressure 적용. 재발 방지: kafka consumer lag 알람 + heap usage 알람.",incident,Kafka,Consumer,Rebalance,(예시 — 실제 사례로 교체 필요),high,2026-04-30
ts-2026-008,troubleshooting,Redis cache miss 폭증 → DB 풀 고갈 가상 사례,"(예시 — 실제 사례로 교체 필요) 가정 시나리오: Redis 일시 장애 후 응답이 모두 5초+ 지연, DB 인스턴스 CPU 100%. 원인 분석: (1) Redis cache hit ratio가 평소 95%였는데 Redis 재시작 후 0%로 하락. (2) cache miss 시 DB fallback 코드가 thundering herd 방어 없이 그대로 동작 → 동일 키에 동시 1000건 DB 쿼리. (3) HikariCP 풀 30개가 즉시 고갈, 나머지 요청은 connection wait. 해결: (1) Redis 캐시 미스 시 동일 키 쿼리 합치기 — Caffeine local cache + Redis 2단계 또는 단순 Mutex/Lock. (2) circuit breaker(Resilience4j)로 Redis 장애 시 빠르게 fallback 결정. (3) DB 쿼리에 timeout 명시(JPA hibernate.javax.persistence.query.timeout=3000). 재발 방지: cache 의존도 메트릭 추적, Redis 장애 시뮬레이션 chaos 테스트.",incident,Redis,Cache,ThunderingHerd,DB,(예시 — 실제 사례로 교체 필요),critical,2026-04-30
ts-2026-009,troubleshooting,파일 업로드 메모리 누적 가상 사례,"(예시 — 실제 사례로 교체 필요) 가정 시나리오: 대용량 파일 업로드 기능 도입 후 OOM 빈발. 원인 분석: (1) Spring Boot multipart 기본 설정 spring.servlet.multipart.max-file-size=1MB이었으나 운영 요구로 100MB로 변경. (2) 동시 업로드 10건이면 1GB 메모리 점유. (3) 코드에서 MultipartFile.getBytes()로 전체를 byte[]로 읽어 메모리 누적. (4) heap dump에서 byte[] 인스턴스 100MB짜리가 다수. 해결: (1) MultipartFile.getInputStream()으로 스트리밍 처리 — Files.copy(inputStream, target) 디스크 직접 저장 후 분석. (2) spring.servlet.multipart.file-size-threshold=10MB 명시 — 10MB 초과 시 디스크 임시 파일로 자동 저장. (3) 동시 업로드 throttling — Semaphore(3)으로 최대 3건 동시. 재발 방지: 업로드 메트릭 + heap usage 임계 알람. 본 프로젝트의 heap dump 업로드도 동일 패턴 적용.",incident,Multipart,Upload,Streaming,(예시 — 실제 사례로 교체 필요),high,2026-04-30
ts-2026-010,troubleshooting,WebSocket 세션 누수 가상 사례,"(예시 — 실제 사례로 교체 필요) 가정 시나리오: 실시간 알림용 WebSocket 도입 후 메모리가 1주일에 걸쳐 점진 증가. 원인 분석: (1) WebSocketSession을 application 코드에서 ConcurrentHashMap<userId, WebSocketSession>으로 보관. (2) 클라이언트가 비정상 종료(네트워크 끊김, 브라우저 강제종료) 시 onClose 이벤트가 server에 도달 안 함 → Map에 좀비 세션 누적. (3) heap dump에서 WebSocketSession 인스턴스 수가 정상 동시접속자의 5배. 해결: (1) ping/pong heartbeat 활성 — 30초 주기, 미응답 시 server에서 세션 제거. ServerEndpointConfig.Configurator에서 maxIdleTimeout=60000. (2) 세션 Map을 WeakHashMap 또는 Caffeine cache(expireAfterAccess=5m). (3) 명시적 정리 task — ScheduledExecutor로 1분마다 isOpen=false 세션 제거. 재발 방지: websocket.sessions.active 메트릭 + 비정상 증가 알람.",incident,WebSocket,Session,Heartbeat,(예시 — 실제 사례로 교체 필요),high,2026-04-30
ts-2026-011,troubleshooting,Scheduled Task 중첩 실행 가상 사례,"(예시 — 실제 사례로 교체 필요) 가정 시나리오: 매분 실행되는 통계 집계 배치가 메모리를 점진 누적. 원인 분석: (1) @Scheduled(cron='0 * * * * *')로 매분 시작, 평소 30초에 끝나던 작업이 DB 부하로 90초까지 늘어남. (2) Spring 기본 ScheduledExecutorService는 싱글스레드 — 이전 작업이 끝나야 다음 시작이 정상이지만, 만약 풀을 늘려 두면(@Bean TaskScheduler poolSize=5) 동시 5개까지 실행. (3) 동일 작업 중첩 실행으로 같은 데이터 처리 + 임시 메모리 객체 5배. 해결: (1) @Scheduled에 fixedDelay 사용 — 이전 종료 후 N초 대기로 중첩 방지. (2) 싱글톤 보장이 필요하면 ShedLock 또는 분산 락(Redis/DB)으로 다중 인스턴스 환경에서도 1개만 실행. (3) 작업 시간 측정 + cron 주기보다 길어지면 알람. 재발 방지: @Scheduled가 있는 모든 메소드에 시간 측정 메트릭 의무화.",incident,Scheduled,Cron,중첩실행,ShedLock,(예시 — 실제 사례로 교체 필요),medium,2026-04-30
jeus-001,was_jeus,JEUS Heap Dump 캡처 방법,"TmaxSoft JEUS는 JVM 기반 WAS이므로 표준 JVM 도구로 heap dump 캡처 가능. 방법별 비교. (1) jeusadmin 명령: jeusadmin -domain=DOMAIN -u USER -p PASS 후 'thread-dump SERVER_NAME' 또는 'heap-dump SERVER_NAME' — JEUS 자체 기능. 8/9 버전에서 사용 가능. (2) jcmd PID GC.heap_dump /path/file.hprof — JVM 표준, 가장 권장. JEUS 프로세스 PID는 jeusadmin 'server-info'로 확인 또는 ps -ef | grep jeus.server. (3) JEUS WebAdmin 콘솔(http://host:9744/webadmin) → Servers → 해당 서버 → Diagnosis → Heap Dump. 사용자 친화적 GUI. (4) -XX:+HeapDumpOnOutOfMemoryError -XX:HeapDumpPath=/path를 jeusenv.properties의 JVM_ARGS에 추가 — OOM 자동 캡처. 운영 필수. 캡처 위치: JEUS_HOME/bin 또는 사용자 지정 경로. 디스크 여유: -Xmx 1.5배 권장. 캡처 중 stop-the-world 수십 초 발생 — 트래픽 분산 후 호출.",JEUS,heapdump,jeusadmin,jcmd,WAS,https://technet.tmaxsoft.com/upload/download/online/jeus/,info,2026-04-30
jeus-002,was_jeus,JEUS 메모리 영역 구조,"JEUS의 메모리 구조는 표준 JVM 위에 JEUS 자체 컨테이너가 올라가는 구조. JVM Heap = Domain Administration Server(DAS) + Managed Server 각각 별도 JVM 프로세스. 각 서버 JVM 안에는: (1) Web Container — Servlet/JSP 처리. 세션 데이터 보유. (2) EJB Container — Stateless/Stateful Session Bean 풀. (3) JNDI Tree — 등록된 자원 메타데이터. (4) JCA Connector Pool — DataSource, JMS connection. (5) Cluster 동기화 캐시(클러스터 환경). 운영 권장 -Xmx: 4~8GB. 그 이상 큰 heap은 ZGC 검토. JEUS 9 기준 기본 -Xms256m -Xmx512m으로 시작 — 운영 환경에 부족하니 jeusenv.properties에서 JVM_ARGS 명시 조정. JEUS 자체 메타데이터(Container 관리)가 약 100~200MB 상시 점유. 모니터링: WebAdmin → Monitoring → JVM 화면에서 heap usage 실시간.",JEUS,메모리,Container,EJB,WebContainer,https://technet.tmaxsoft.com,info,2026-04-30
jeus-003,was_jeus,JEUS Session 관리,"JEUS WebContainer 세션 저장 방식 3가지. (1) MEMORY(기본) — JVM heap에 ConcurrentHashMap 저장. 빠르지만 서버 재시작 시 소실, 클러스터 미지원. (2) FILE — 파일 시스템 직렬화. 재시작 후에도 유지. (3) JDBC — DB 테이블 저장. 클러스터 환경 필수. 4) DISTRIBUTED — JEUS 클러스터 내 메모리 복제. 설정: WEBMain.xml의 <session-config> 또는 WebAdmin → Web Engine → Session. 메모리 누수 패턴: (1) 세션에 큰 객체 저장(이미지 byte[], 검색 결과 List<DTO>) → 사용자별로 누적. (2) 세션 만료 timeout 너무 길게(기본 30분, 운영에서 8시간 등). (3) HttpSession.removeAttribute 누락. 진단: heap dump → MAT에서 jeus.servlet.engine.HttpSessionImpl 인스턴스 retained heap. 정상은 동시접속자 수와 일치. 해결: 세션 timeout 적정화, 큰 객체는 DB로, JDBC 세션 모드 검토.",JEUS,Session,WebContainer,누수,https://technet.tmaxsoft.com,info,2026-04-30
jeus-004,was_jeus,JEUS DataSource 풀 설정,"JEUS DataSource는 domain.xml의 <data-source> 또는 WebAdmin → Resources → JDBC에서 설정. 핵심 파라미터: pool-min(최소 연결 수, 보통 5), pool-max(최대, 운영 보통 30~50), connection-timeout(획득 대기, 기본 무한 → 5초로 명시 권장), max-use-count(최대 재사용 횟수, 기본 0=무제한, 0이면 누수 시 평생 retain), wait-free-connection(true 권장), check-query(SELECT 1 등 헬스체크), period(헬스체크 주기). 누수 진단: WebAdmin Monitoring → DataSource 화면에서 active vs idle 모니터링. active가 max에 고정이면 누수. JNDI lookup 후 Connection.close() 누락이 가장 흔한 원인. JPA/JdbcTemplate 사용 강제 + try-with-resources. JEUS 자체에 Stale Connection Detector 있어 check-query로 죽은 연결 자동 제거. tx-isolation 명시 권장(READ_COMMITTED 일반).",JEUS,DataSource,JDBC,ConnectionPool,누수,https://technet.tmaxsoft.com,high,2026-04-30
jeus-005,was_jeus,JEUS Web Container Thread Pool,"JEUS Web Container의 요청 처리 스레드 풀. WEBMain.xml의 <thread-pool> 또는 WebAdmin → Web Engine → Thread Pool. 핵심: min(최소 스레드, 보통 10), max(최대, 운영 50~200), keep-alive-time(idle 회수, 60초), queue-size(대기 큐, 보통 100). max에 도달하고 큐도 가득 차면 503 에러. 진단: Monitoring → Web Engine에서 active threads / busy threads 모니터링. 'thread pool exhausted' 로그가 결정적. 누수 원인: (1) 외부 API 호출 timeout 무한 → 모든 스레드가 외부 응답 대기. (2) DB 쿼리 timeout 누락. (3) infinite loop 코드. heap dump의 Thread Overview에서 RUNNABLE 스레드가 모두 동일 메소드면 외부 의존성 문제. 해결: max 즉흥 증가는 메모리 부담 — 1스레드 = 약 1MB 스택 + 처리 중 객체. 100→500 늘리면 약 500MB 추가. 근본 원인 timeout 도입 우선. JEUS 8+ NIO Connector 사용으로 connection 처리는 별도 스레드.",JEUS,ThreadPool,WebContainer,503,https://technet.tmaxsoft.com,high,2026-04-30
jeus-006,was_jeus,JEUS GC 로그 활성과 위치,"JEUS GC 로그 활성화: jeusenv.properties의 JVM_ARGS에 추가. JDK 9+ 통합 로깅: -Xlog:gc*,gc+heap=debug:file=JEUS_HOME/logs/SERVER_NAME/gc.log:tags,uptime,time:filecount=10,filesize=10M. JDK 8 이하 레거시: -XX:+PrintGCDetails -XX:+PrintGCDateStamps -Xloggc:JEUS_HOME/logs/SERVER_NAME/gc.log -XX:+UseGCLogFileRotation -XX:NumberOfGCLogFiles=10 -XX:GCLogFileSize=10M. 변경 후 server 재기동 필요(jeusadmin restart-server). 로그 위치 표준: JEUS_HOME/logs/<서버명>/ 아래 — 도메인 로그(domain.log), 서버 로그(<서버명>.log), GC 로그 위 설정. 분석: GCViewer/GCEasy로 시각화. 운영 필수 옵션 추가: -XX:+HeapDumpOnOutOfMemoryError -XX:HeapDumpPath=JEUS_HOME/logs/<서버명>/heapdump.hprof. -XX:NativeMemoryTracking=summary로 native 추적도 권장.",JEUS,GC,Log,jeusenv,https://technet.tmaxsoft.com,info,2026-04-30
jeus-007,was_jeus,JEUS 클러스터 메모리 모니터링,"JEUS 클러스터는 DAS(Domain Administration Server) 1개 + N개의 Managed Server로 구성. 각 Managed Server는 독립 JVM이므로 메모리 모니터링도 서버별. 통합 모니터링 방법. (1) WebAdmin → Cluster → Server List에서 각 서버 heap usage 한 화면. (2) jeusadmin command 'monitor server SERVER_NAME -interval 5' 5초 주기 모니터링. (3) JMX RMI 활성화 — jeusenv.properties에 -Dcom.sun.management.jmxremote.port=PORT 추가, 외부 모니터링(Prometheus JMX exporter, Datadog) 연결. (4) JEUS 자체 SNMP agent 활성화로 NMS 통합. 클러스터 세션 동기화 메모리 영향: distributed session 모드에서 세션 변경 시 모든 클러스터 멤버에 복제 — 멤버 N개면 메모리 N배. 큰 세션 객체 + 다수 멤버는 OOM 위험. JEUS 클러스터 통신은 멀티캐스트(default) 또는 유니캐스트 — 멀티캐스트는 네트워크 정책에 따라 차단될 수 있음.",JEUS,Cluster,Monitoring,JMX,Session,https://technet.tmaxsoft.com,info,2026-04-30
jeus-008,was_jeus,JEUS 버전별 차이 (7/8/9),"주요 버전별 차이점. JEUS 7(2014~): JDK 6/7 지원, J2EE 5/6 호환, 단일 노드 중심 구성. WebAdmin은 Flash 기반(현재 deprecated). JEUS 8(2017~): JDK 7/8 지원, Java EE 7 호환, WebAdmin HTML5 전환, Cluster 기능 강화, NIO Connector 기본, JPA 2.1. JEUS 9(2021~): JDK 8/11/17 지원(9 fix7+에서 JDK 17), Jakarta EE 9.1 호환(javax→jakarta 패키지 변경 큰 이슈), MicroProfile 일부 지원, 도메인 모델 단순화, REST API 강화. 운영 영향: JEUS 8→9 마이그레이션은 javax/jakarta 패키지 변경으로 모든 application 코드 수정 필요. 단순 라이브러리 교체 아님. JEUS 9 기준 권장 JDK는 LTS인 11 또는 17. JDK 17 + ZGC + JEUS 9 조합이 최신 권장. 라이선스/지원: 각 버전 EOSL(End of Service Life) 확인 — 7/8은 단계적 EOSL 진행 중.",JEUS,버전,7,8,9,Jakarta,https://technet.tmaxsoft.com,info,2026-04-30
jeus-009,was_jeus,JEUS Hot Deploy ClassLoader 누수,"JEUS는 application.xml 또는 WebAdmin에서 hot deploy(재시작 없이 application 교체) 지원. 매 deploy마다 새 ApplicationClassLoader 생성, 이전 ClassLoader는 GC 대상. 그러나 다음 패턴이면 회수 안 되어 Metaspace 누적 → OOM Metaspace 또는 Compressed Class Space. 누수 원인: (1) ThreadLocal에 application class 인스턴스 저장 후 cleanup 안 함 — JEUS Worker Thread가 보유. (2) 정적 캐시(java.beans.Introspector) 또는 Logger 등 JDK 자체 캐시에 application class 등록. (3) JDBC Driver를 application 안에 패키징 후 DriverManager에 등록만 하고 deregister 안 함. 진단: jcmd PID VM.metaspace 또는 MAT Class Loader Explorer에서 jeus.server.classloader.ApplicationClassLoader 인스턴스 수 — 정상은 1개, 누수 시 deploy 횟수만큼 누적. 해결: ServletContextListener.contextDestroyed에서 ThreadLocal/Driver/Logger 정리. JEUS의 jeus.server.classloader.useSafeContextClassLoader=true 옵션 검토. 운영에서 hot deploy는 가급적 재시작 권장.",JEUS,ClassLoader,HotDeploy,Metaspace,Leak,https://technet.tmaxsoft.com,high,2026-04-30
jeus-010,was_jeus,JEUS 관리 도구 jeusadmin / WebAdmin,"JEUS 관리 인터페이스 2종. (1) jeusadmin CLI: JEUS_HOME/bin/jeusadmin. 접속: jeusadmin -domain=DOMAIN -u USER -p PASS. 주요 명령. server-info(전체 서버 상태), thread-dump SERVER, heap-dump SERVER, monitor server SERVER, deploy/undeploy app, restart-server, log-list, gc(force GC 실행 — 운영 비추천). 스크립트 자동화에 적합. (2) WebAdmin GUI: http://host:9744/webadmin (포트는 도메인 설정에 따라 다름). 메뉴 트리: Domain / Servers / Applications / Resources / Monitoring / Diagnosis. 운영 모니터링은 WebAdmin이 직관적, 자동화는 jeusadmin. 보안: 둘 다 admin 계정 인증 필수. 운영에서 admin 비밀번호는 OS 환경변수 또는 wallet 사용 권장(스크립트 평문 비밀번호 위험). REST API: JEUS 9에서 강화 — /jeus-rest/v1/* endpoint로 동일 기능 호출, CI/CD 통합 용이. 권장 운영 패턴: 일상 모니터링 WebAdmin, 변경 작업 자동화는 jeusadmin 또는 REST API.",JEUS,jeusadmin,WebAdmin,REST,운영,https://technet.tmaxsoft.com,info,2026-04-30
webtob-001,was_webtob,Webtob 프로세스 구조 (HTH/HTM/HTL/JSV),"TmaxSoft Webtob은 웹 서버. 다중 프로세스 구조. (1) WSM(Web Service Manager) — 마스터 프로세스, 1개. 다른 프로세스 관리·재기동. (2) HTH(HTTP Handler) — TCP 리스너. 클라이언트 connection 수락. 보통 1~4개. (3) HTM(HTTP Manager) — 정적 콘텐츠 처리(html/css/js/이미지). HTH로부터 요청 받음. 다수 인스턴스(보통 NumChild 옵션으로 5~50개). (4) HTL(Logger) — 로그 기록 전담. 1개. (5) JSV(Java Service Verifier) — JEUS 또는 다른 WAS로 요청 라우팅하는 connector 프로세스. WAS 연동 시 사용. 메모리 사용 패턴: 각 프로세스별 독립 메모리, 하나당 보통 50~200MB. 다수 인스턴스 환경(HTM 50개)이면 합계 수 GB. 진단: ps -ef | grep -E '(wsm|hth|htm|htl|jsv)'로 프로세스 목록. wsadmin 'st -p'로 상태 확인.",Webtob,HTH,HTM,프로세스,WebServer,https://technet.tmaxsoft.com,info,2026-04-30
webtob-002,was_webtob,Webtob ↔ JEUS 연동 (JSV/JEUS Connector),"Webtob을 web tier로, JEUS를 was tier로 두는 표준 구성. 연동 방식 2가지. (1) JSV connector: Webtob의 JSV 프로세스가 JEUS와 TCP 통신, 동적 요청(JSP/Servlet) 라우팅. http.m 또는 http_jsv.m 설정. SVRGROUP/SERVER 정의에서 JSV 명시. JEUS 측 jeus_main.xml의 listener에 webtob connector 등록. (2) WebJSV/WebJ for plain HTTP — JEUS의 HTTP listener에 직접 reverse proxy. 메모리 영향: JSV connector 사용 시 keep-alive connection이 JSV ↔ JEUS 사이에 유지 — 양쪽 모두 connection별 buffer 메모리. 다량 동시 접속 시 누적 가능. 설정 권장: MaxRetry, ResponseTimeout 명시. 트러블슈팅: 503 에러는 JEUS가 응답 못 함 — JEUS thread pool exhausted 의심. 502는 connector 자체 실패 — JEUS down 또는 네트워크. JSV 로그(JSV.log), JEUS 측 access.log 양방향 확인.",Webtob,JEUS,Connector,JSV,503,502,https://technet.tmaxsoft.com,high,2026-04-30
webtob-003,was_webtob,Webtob HTH 메모리 사용 패턴,"HTH(HTTP Handler)는 TCP 리스너로, 동시 connection 수에 따라 메모리 사용. 각 connection당 buffer ~16KB. 10K connections면 약 160MB. HTH 자체 코드+초기화 약 50MB. 합계 200MB 정도가 정상 운영. 비정상 증가 패턴: (1) keep-alive timeout 너무 길어 idle connection 누적 — http.m의 KEEPALIVE_TIMEOUT을 30~60초로 명시. (2) DDoS 또는 비정상 트래픽으로 connection 수 폭증. (3) HTH 메모리 누수(드물지만 보고 사례 있음 — 패치 확인). 모니터링: ps -o pid,vsz,rss -p $(pgrep -f hth) 주기 측정. RSS가 1GB 초과면 의심. 해결: HTH 1개당 메모리가 OS 한계까지 가기 전에 Webtob restart(wsadmin reb -p hth) 자동화. 또는 HTH 다수 구성으로 부하 분산(http.m의 NumProcs 늘리고 LoadBalanceType=Round 적용). HTH 재기동 시 진행 중 connection은 끊김 — graceful 재기동 옵션 사용.",Webtob,HTH,메모리,KeepAlive,Connection,https://technet.tmaxsoft.com,medium,2026-04-30
webtob-004,was_webtob,Webtob 로그 분석 (access/error),"Webtob 표준 로그. (1) access.log — 모든 요청 기록(Apache 호환 Combined 포맷). 위치: WEBTOBDIR/log/access/ 일자별. 분석: awk '{print $9}' | sort | uniq -c 응답 코드 분포, $7로 URL별 빈도. 4xx/5xx 비율 모니터링. (2) error.log — Webtob 자체 에러. SVRGROUP/SERVER별 분리. 위치: WEBTOBDIR/log/error/. 'STARTED', 'DOWN' 같은 상태 변경 + 비정상 종료 로그. (3) HTH.log/HTM.log — 각 프로세스 trace 로그. 평소 비활성, 디버깅 시 활성. (4) JSV.log — JEUS 연동 trace. 503/502 진단 시 필수. 로그 회전: http.m의 LogTime/LogSize 옵션. JSV.log는 별도 설정. ELK/Splunk 연동: filebeat로 access.log 수집 → 실시간 응답 시간 모니터링. 메모리/heap dump 분석 시점 매칭: heap dump 캡처 시각의 access.log를 같이 받아 어느 요청이 폭주했는지 cross-check.",Webtob,access,error,로그,분석,https://technet.tmaxsoft.com,info,2026-04-30
webtob-005,was_webtob,Webtob 503 에러 진단,"503 Service Unavailable 응답의 일반적 원인. (1) JEUS connector(JSV) 응답 timeout — http.m의 ResponseTimeout 초과. 또는 JEUS thread pool 모두 busy로 요청 처리 못 함. (2) Webtob ↔ JEUS connection 한계 도달 — JSV의 MAX_CONNECTION 도달. (3) JEUS 다운 또는 네트워크 단절. 진단 절차. (1) JEUS WebAdmin Monitoring → Web Engine → Thread Pool: active threads = max인지. (2) JEUS thread dump: jeusadmin thread-dump SERVER. 모든 스레드가 동일 외부 호출 대기면 외부 의존성 timeout 부재. (3) JSV.log에서 'Receive Timeout' 또는 'Connection Refused' 메시지. 해결: (a) JEUS 측 thread pool 증설(메모리 영향 평가). (b) ResponseTimeout 적정값(30초)으로 명시. (c) 외부 의존성(DB/외부 API)에 timeout 의무 도입. (d) Webtob ↔ JEUS connection pool 크기 검토. 재발 방지: 503 비율 알람 + JEUS thread pool active 알람.",Webtob,503,JEUS,Timeout,JSV,https://technet.tmaxsoft.com,high,2026-04-30
webtob-006,was_webtob,Webtob 성능 튜닝,"성능 핵심 파라미터. http.m의 *VHOST/NODE/SVRGROUP/SERVER* 섹션. (1) NumProcs/MinProcs/MaxProcs(HTM 프로세스 수): 정적 콘텐츠 동시 처리 한계. CPU 코어 수의 2~4배. (2) MaxClient(VHOST): 가상 호스트당 동시 요청 한계. (3) KEEPALIVE_TIMEOUT(NODE): keep-alive 유지 시간. 짧으면 connection 빈번 재생성, 길면 idle 누적. 30~60초 권장. (4) HTHREAD(NODE 또는 HTH 정의): HTH 내부 worker 스레드 수. 동시 connection 처리. (5) UTHREAD: HTH ↔ HTM IPC 스레드. 동시 활성 요청. 운영 적정값은 부하 테스트로 결정. 정적 콘텐츠 비중 높으면 HTM 증설, JEUS 라우팅 비중 높으면 JSV 증설. 모니터링: wsadmin 'si'(server info) 또는 'st'(status). active vs idle 비율로 병목 판단. http.m 변경 후 wscfl 재컴파일 + Webtob 재기동.",Webtob,성능,튜닝,HTM,KeepAlive,https://technet.tmaxsoft.com,info,2026-04-30
webtob-007,was_webtob,Webtob SSL/TLS 설정,"HTTPS 활성화: http.m의 NODE 섹션에 SSLFlag=Y, CertificateFile, PrivateKeyFile 명시. CertificateFile은 PEM 형식 단일 파일 또는 인증서 + 중간 CA chain. PrivateKey는 별도 파일, PrivateKeyPassword가 암호화면 암호 명시(또는 keypass tool 사용). 메모리 영향: TLS handshake당 약 16~32KB 추가 메모리(handshake 중 RSA/ECDH 연산 buffer). 동시 신규 connection 1000개면 16~32MB 일시 사용. TLS session reuse 활성으로 재협상 부담 감소(SSLSessionCache, SSLSessionCacheTimeout). 알고리즘: TLS 1.2 이상 강제(SSLProtocols=TLSv1.2,TLSv1.3), weak cipher 금지(SSLCipherSuite로 명시). 인증서 갱신: Let's Encrypt 자동 갱신은 Webtob restart 또는 SIGUSR1 시그널로 reload(버전에 따라 지원 차이). HSTS/HTTP→HTTPS redirect는 application 레벨 또는 별도 rule로.",Webtob,SSL,TLS,HTTPS,Certificate,https://technet.tmaxsoft.com,medium,2026-04-30
webtob-008,was_webtob,http.m 주요 파라미터,"http.m은 Webtob의 핵심 설정 파일. 섹션 구조: *DOMAIN, *NODE, *VHOST, *SVRGROUP, *SERVER, *SERVICE, *URI, *EXT, *LOGGING. 운영에서 자주 조정. *NODE: WEBTOBDIR(설치 경로), HTH 정의(NumProcs), Logging 설정, KEEPALIVE_TIMEOUT, Hostname. *VHOST: 가상 호스트, DocRoot, ErrorDocument. *SVRGROUP: 서비스 그룹 — JSV 라우팅 정의, SvrType=WEBSTD. *SERVER: 실제 백엔드 — MinProc/MaxProc, ASQCount(요청 큐 크기). *URI: URL 패턴 → SVRGROUP 매핑. 변경 후 적용: wscfl -i http.m으로 컴파일 → Webtob restart(wsdown then wsboot) 또는 일부는 reload(wsadmin reb). 자주 하는 실수: 변경 후 wscfl 재컴파일 누락 — 변경이 안 반영되어 디버깅 시간 낭비. wscfl 출력에 syntax 에러 없는지 확인 필수. 백업: 변경 전 cp http.m http.m.YYYYMMDD.",Webtob,http.m,설정,wscfl,튜닝,https://technet.tmaxsoft.com,info,2026-04-30
webtob-009,was_webtob,Webtob 관리 명령 wsadmin / wsboot / wsdown,"Webtob 관리 명령어 모음. (1) wsboot — Webtob 시작. WSM이 다른 프로세스(HTH/HTM/HTL/JSV) 자동 기동. -i 옵션으로 immediate, 기본은 graceful. (2) wsdown — Webtob 종료. -i immediate(즉시), -g graceful(진행 중 요청 완료 대기). (3) wsadmin — 인터랙티브 또는 single command. 주요 명령: si(server info, 전체 상태), st(status, 프로세스별), reb -s SERVER(특정 서버 재기동), ds -s(특정 서비스 down), us -s(up service), down(전체 종료, wsdown과 동일). (4) wscfl -i http.m — 설정 컴파일. 변경 후 필수. 출력 .m 파일로 검증. (5) wsuls — 통계/로그 요약. 운영 자동화: cron으로 wsadmin 주기 수행 + 결과 파싱하여 모니터링 시스템 전송. 비밀번호 보호: wsadmin 접속에 admin 비밀번호 필요(wsadmin -uadmin -wPASS). 평문 노출 방지 위해 wallet 또는 환경변수 활용.",Webtob,wsadmin,wsboot,wsdown,wscfl,운영,https://technet.tmaxsoft.com,info,2026-04-30
webtob-010,was_webtob,Webtob 고가용성 구성,"Webtob 자체로는 HA 보장 메커니즘이 제한적. 다음 패턴으로 고가용성 구성. (1) L4/L7 로드밸런서 + Webtob N대: 표준 구성. L4가 health check(/health 또는 /index.html GET 200)로 비정상 노드 자동 분리. (2) Webtob ↔ JEUS 연동 시 JSV의 SVRGROUP에 다수 JEUS 등록 + LoadBalanceType=Round 또는 Random — JEUS 1개 다운 시 다른 노드로 자동 라우팅. (3) WSM 재기동 자동화 — WSM 자체 다운 시 OS init/systemd가 재기동하도록 service 등록. systemd unit file로 Restart=always. (4) shared storage(NFS) 위에 DocRoot 두면 N대 Webtob이 같은 정적 콘텐츠 서비스. 메모리/세션 영향: Webtob은 stateless이므로 N대 사이 동기화 부담 없음. 단, 세션은 backend WAS(JEUS) 측에서 distributed session 또는 sticky session으로 보장. 모니터링: 각 노드 wsadmin si 결과를 중앙 집계(Prometheus exporter 자체 개발 또는 SNMP).",Webtob,HA,고가용성,LoadBalancer,클러스터,https://technet.tmaxsoft.com,info,2026-04-30
weblogic-001,was_weblogic,Weblogic Heap Dump 캡처 방법,"Oracle Weblogic은 JVM 기반 WAS이므로 표준 JVM 도구 + Weblogic 자체 도구 모두 사용 가능. (1) jcmd PID GC.heap_dump /path/file.hprof — 가장 권장. Weblogic 프로세스 PID는 ps -ef | grep weblogic 또는 nodemanager.log에서 확인. (2) WLST(Weblogic Scripting Tool): connect('user','pass','t3://host:port') 후 cmo.dumpHeapToFile('/path/file.hprof') — Oracle 표준 자동화. (3) Admin Console GUI: Servers → 해당 서버 → Diagnostics → Generate Heap Dump. 사용자 친화적이지만 운영 자동화에는 부적합. (4) -XX:+HeapDumpOnOutOfMemoryError -XX:HeapDumpPath=/path를 startWebLogic.sh의 JAVA_OPTIONS에 추가 또는 setDomainEnv.sh의 USER_MEM_ARGS. OOM 자동 캡처. (5) JRockit 사용 시 jrcmd PID hprofdump filename=/path. JDK 8u101 이후로 JRockit은 deprecated. heap dump 캡처는 stop-the-world 수십 초 — 트래픽 분산 후 호출 필수.",Weblogic,heapdump,WLST,jcmd,Oracle,https://docs.oracle.com/en/middleware/standalone/weblogic-server/14.1.1/index.html,info,2026-04-30
weblogic-002,was_weblogic,Weblogic Stuck Thread 진단,"Weblogic은 일정 시간 처리 안 끝나는 스레드를 'Stuck Thread'로 자동 감지. 기본 임계: 600초(StuckThreadMaxTime). 임계 초과 시 server.log에 'BEA-000337' 메시지 + 스택 trace 자동 로깅. 진단: server.log grep 'Stuck thread' — 동일 스레드 ID + 메소드 패턴이 반복되면 영구 정지. 일반 원인: (1) 외부 API/DB 호출 timeout 무한. (2) Synchronized 무한 대기. (3) infinite loop. 해결: (1) Admin Console → Servers → Configuration → Tuning → StuckThreadMaxTime 적정화(보통 600초 유지). (2) Stuck Thread 자동 처리 옵션: TerminateOnStuckThread=true (Weblogic 12c+) — 임계 초과 스레드 강제 interrupt. (3) Work Manager constraint로 stuck 누적 방지. 모니터링: WLST 'thread-dump'로 주기 캡처 + 'java.lang.Thread.State'가 RUNNABLE인데 동일 스택이면 stuck 후보. JConsole의 Thread 탭에서 CPU 시간 vs 시작 시간으로 진짜 작업 중 vs 무한 대기 구분.",Weblogic,StuckThread,진단,WorkManager,https://docs.oracle.com/en/middleware/standalone/weblogic-server/14.1.1/perfm/,high,2026-04-30
weblogic-003,was_weblogic,Weblogic JDBC Connection Pool,"Weblogic JDBC DataSource는 Admin Console → Services → Data Sources에서 관리. 핵심 파라미터. (1) Initial Capacity(시작 시 생성 수, 기본 1), Maximum Capacity(최대, 운영 30~50), Capacity Increment(증가 단위). (2) Connection Reserve Timeout(획득 대기, 기본 10초). (3) Test Connections On Reserve(true 권장, 헬스체크), Test Frequency(idle 주기 체크, 120초). (4) Inactive Connection Timeout(idle 회수, 0=무제한, 운영 600초 권장). (5) Statement Cache Size(PreparedStatement 캐시, 기본 10, 메모리 영향 — 너무 크면 DB 측 cursor leak 위험). 모니터링: Admin Console → Monitoring → Data Sources → Statistics. ActiveConnectionsCurrentCount vs ReservedConnectionsCurrentCount + WaitingForConnectionCurrentCount. ActiveConnections=Max + Waiting>0이면 풀 부족. 해결: 풀 크기 증설은 DB 측 max_connections와 함께 검토. 누수는 Test Connections On Reserve로 죽은 connection 자동 회수.",Weblogic,JDBC,ConnectionPool,DataSource,Monitoring,https://docs.oracle.com/en/middleware/standalone/weblogic-server/14.1.1/jdbca/,high,2026-04-30
weblogic-004,was_weblogic,Weblogic Work Manager 설정,"Weblogic 9+ Work Manager는 application별 또는 전역 thread 자원 관리. 기본 default Work Manager 사용 시 모든 application이 같은 풀 공유. 분리 권장. 핵심 구성. (1) Min/Max Threads Constraint: 보장 최소 / 한도 최대. (2) Capacity Constraint: 동시 요청 + 큐 대기 최대. 초과 시 즉시 거부(503). (3) Fair Share Request Class: 가중치 기반 분배(weight 50 vs 100이면 1:2 비율). (4) Response Time Request Class: 목표 응답 시간 명시 — 우선순위 자동 조정. 설정 위치: weblogic-application.xml(EAR 내) 또는 Admin Console → Environment → Work Managers. 메모리 영향: Capacity Constraint 무한이면 큐 무한 누적 가능 — 메모리 부담. 명시적 한도(예: 1000) 권장. 모니터링: Admin Console → Servers → Monitoring → Threads의 Self-Tuning Pool Throughput. 특정 application이 풀 점유 시 분리 검토. 12c 이후 Self-Tuning Thread Pool이 기본 — 별도 Execute Queue 설정 deprecated.",Weblogic,WorkManager,Thread,RequestClass,Tuning,https://docs.oracle.com/en/middleware/standalone/weblogic-server/14.1.1/wlprg/,info,2026-04-30
weblogic-005,was_weblogic,Weblogic Node Manager,"Node Manager는 Weblogic 서버(Admin/Managed)의 lifecycle 관리 데몬. 머신당 1개 실행. 역할: (1) Managed Server start/stop/restart. (2) 비정상 종료 시 자동 재기동(Crash Recovery). (3) Admin Console에서 원격 제어 가능하게 함. (4) 서버 health check. 메모리: Node Manager 자체는 가벼운 Java 프로세스(약 200MB). 별도 JVM이지만 application 처리 안 함. 설정 파일: WL_HOME/common/nodemanager/nodemanager.properties. 주요: ListenAddress/ListenPort, NativeVersionEnabled(false 권장), CrashRecoveryEnabled=true. 보안: SSL 모드 권장(Plain은 운영 비추천). 트러블슈팅: nodemanager.log + STARTUP_MODE에 따라 startManagedWebLogic.sh 실행 — server 기동 실패 시 nodemanager.log에 stdout 캡처됨. Node Manager 자체 다운 시 영향: 진행 중 서버는 계속 동작. 단, 비정상 종료 시 자동 재기동 작동 안 함. systemd 등으로 Node Manager 자체 HA.",Weblogic,NodeManager,Crash,Recovery,https://docs.oracle.com/en/middleware/standalone/weblogic-server/14.1.1/nodem/,info,2026-04-30
weblogic-006,was_weblogic,Weblogic Cluster 통신,"Weblogic Cluster는 Managed Server 다수의 논리적 그룹. 통신 방식 2가지. (1) Multicast(레거시): UDP 멀티캐스트로 멤버 간 heartbeat + 세션 복제. 네트워크 정책상 멀티캐스트 차단되면 사용 불가. (2) Unicast(권장, 9.2+): TCP 기반. ClusterMaster를 통해 메시지 전파. 클라우드/컨테이너 환경에서 멀티캐스트 안 되니 unicast 필수. 설정: Admin Console → Environment → Clusters → Configuration → Messaging Mode. 메모리 영향: 클러스터 멤버가 N개면 (1) 세션 복제 모드에서 세션 데이터가 복제되어 N배 메모리. (2) JNDI tree 동기화 — 작지만 동기화 대상. (3) ClusterListener 등록 객체 강참조. 멤버 N=8 초과면 통신 오버헤드 비례 증가 — 클러스터 분할 검토. 모니터링: Admin Console → Servers → Monitoring → Cluster의 Hearbeat 상태. 멤버 비정상 분리(split-brain) 감지 + 알람.",Weblogic,Cluster,Multicast,Unicast,통신,https://docs.oracle.com/en/middleware/standalone/weblogic-server/14.1.1/clust/,info,2026-04-30
weblogic-007,was_weblogic,Weblogic Session Replication,"Weblogic Cluster의 세션 복제 모드. (1) None(기본): 세션 복제 안 함, 클러스터 무의미. (2) MemoryReplication: 클러스터 멤버 메모리 간 복제. 빠르지만 멤버 N배 메모리. (3) JDBC: DB 테이블 저장. 안정적이지만 DB 부하. (4) File: 공유 파일 시스템. 사용 드뭄. (5) Coherence(Oracle Coherence 통합): 분산 캐시 사용, Weblogic 12c+. 메모리 영향 분석: MemoryReplication에서 사용자 세션 1MB × 동시접속 10000 × 클러스터 5멤버 = 50GB 메모리(전체 클러스터). 한 멤버에 OOM. 해결: 세션 객체 크기 최소화(필수 ID만 저장, 디테일은 DB 조회), 클러스터 멤버 수 신중 결정, replication-type=Async로 부하 분산. Coherence 사용 시 별도 캐시 노드로 메모리 분리. 설정 위치: weblogic.xml의 <session-descriptor> + cluster 설정. 모니터링: ReplicatedSessionsTotalCount 메트릭.",Weblogic,Session,Replication,Cluster,Memory,https://docs.oracle.com/en/middleware/standalone/weblogic-server/14.1.1/wbapp/,medium,2026-04-30
weblogic-008,was_weblogic,Weblogic Self-Tuning Thread Pool,"Weblogic 9+ Self-Tuning Thread Pool은 단일 thread pool이 모든 요청 처리. 9 이전의 별도 Execute Queue 모델 대비 동적 조정. 기본 동작: 부하에 따라 자동으로 스레드 수 조정(min ~ unbounded by default). Work Manager의 Max Threads Constraint로 상한 명시 권장. 모니터링: Admin Console → Servers → Monitoring → Threads. (1) StandbyThreadCount(idle), HoggingThreadCount(처리 중), ExecuteThreadIdleCount, PendingUserRequestCount(큐 대기). PendingUserRequestCount가 지속적으로 0보다 크면 처리 능력 부족. 운영 임계값. 일반: 0 유지가 정상. 1초 이상 N>0이면 알람. 메모리: 1스레드 = 약 1MB 스택 + 처리 중 객체. 자동 증가가 너무 많아지면 OOM 위험 — 반드시 Max Threads Constraint 명시(예: 200). HoggingThreadCount 증가는 stuck thread 후보 — StuckThreadMaxTime 함께 모니터링.",Weblogic,ThreadPool,SelfTuning,Monitoring,https://docs.oracle.com/en/middleware/standalone/weblogic-server/14.1.1/perfm/,info,2026-04-30
weblogic-009,was_weblogic,Weblogic 12c vs 14c 차이,"주요 버전 비교. Weblogic 12.2.1.x(12c, 2015~): JDK 8 지원, Java EE 7, Multitenancy(Domain Partitions), Coherence 통합 강화, REST Management API. 12.2.1.4가 마지막 12c 패치(현재까지 Premier Support 종료, Extended Support 진행). Weblogic 14.1.1.x(14c, 2020~): JDK 8/11 지원, Java EE 8, Jakarta EE 9.1(14.1.2부터), JDK 17 지원(14.1.2). Multitenancy 제거(deprecated 후 단순화). 보안 강화(JDK 11 TLS 1.3 등). 운영 영향: 12c → 14c 마이그레이션은 (1) JDK 11+로 모듈 시스템 적용 — application 종속성 검토. (2) Java EE 8 spec 일부 변경(서블릿 4, EL 3.0). (3) Jakarta EE 전환은 javax → jakarta 패키지 변경 큰 이슈. 권장 운영 조합: Weblogic 14.1.1.0 이상 + JDK 11. 14.1.2 + JDK 17 + ZGC가 최신 권장. Oracle 공식 라이선스/지원 일정 확인 — 12c는 단계적 EOSL.",Weblogic,12c,14c,버전,Jakarta,https://docs.oracle.com/en/middleware/standalone/weblogic-server/index.html,info,2026-04-30
weblogic-010,was_weblogic,Weblogic Admin Server vs Managed Server,"Weblogic 도메인 구조의 핵심. (1) Admin Server: 도메인당 1개. 관리 콘솔 호스팅 + 설정 변경 처리 + Managed Server 모니터링. application 배포 명령 수신 후 Managed Server로 전파. 평소 부하는 가벼움(약 1~2GB heap). (2) Managed Server: application 처리 담당. N개 가능. 클러스터로 묶을 수 있음. heap은 application 부하에 따라 4~32GB. 운영 원칙: Admin Server는 application 배포하지 말 것 — 관리 영역과 분리해 안정성 확보. Admin Server 다운 시 영향: Managed Server는 계속 동작(독립 JVM). 단, 설정 변경/배포/모니터링 불가. 자동 재기동: Node Manager가 Crash Recovery로 자동. Admin Server HA 옵션: Admin Server 자체는 Active/Standby 페일오버 미지원 — 별도 머신에 백업 도메인 + 수동 전환. 또는 Coherence Cluster Activation 패턴. 모니터링: Admin Console에서 모든 Managed Server 상태 통합 표시.",Weblogic,AdminServer,ManagedServer,Domain,NodeManager,https://docs.oracle.com/en/middleware/standalone/weblogic-server/14.1.1/wlsdg/,info,2026-04-30
jeus-011,was_jeus,JEUS jeusadmin 기본 사용법,"jeusadmin은 JEUS를 직접 관리하는 콘솔 도구로 서버 기동/종료, 애플리케이션 배포/언디플로이, 로거 레벨 변경, JMX MBean 조회 등 운영 전반을 수행한다. 기본 문법은 `COMMAND [COMMAND_OPTIONS] [GLOBAL_OPTIONS] (>|>>) FILENAME` 형태이며, 옵션에 공백이나 명령어를 포함할 때는 큰따옴표로 감싸고 Linux에서는 백슬래시(\)로 escape 한다. 글로벌 옵션 -verbose는 에러 시 stack trace 출력, -repeat <count>는 반복 실행, -interval <seconds>는 반복 간격을 지정한다. -repeat 없이 -interval만 쓰면 에러가 발생한다. 예: `jeusadmin -u jeus -p ******** -host localhost:9116 ""help -g \""Data Source and Connection Pool\""""`. 결과를 파일로 남기려면 `> result.txt` 또는 `>> result.txt` 리다이렉션을 사용한다.",JEUS,jeusadmin,CLI,운영,Console,https://docs.tmaxsoft.com/en/jeus/9/reference-guide/sect-console-jeusadmin.html,info,2026-04-30
jeus-012,was_jeus,JEUS DataSource 콘솔 명령,"jeusadmin에서 데이터소스 그룹 명령(`help -g ""Data Source and Connection Pool""`)으로 add/modify/remove-data-source, list-data-sources, control-connection-pool 등을 사용할 수 있다. add-data-source 시 핵심 옵션은 -id, -dt(JDBC 드라이버 타입: ConnectionPoolDataSource/XADataSource 등), -cn(class name), -url, -user, -pw, -min, -max, -sqt(stmt query timeout), -ac(auto commit), -properties. Cluster Data Source는 컴포넌트 DS의 connection pool을 미리 생성해 둘 수 있는 옵션을 제공한다. 자주 쓰는 운영 패턴은 변경 후 `list-data-sources`로 즉시 확인 → `control-connection-pool -id <id> -refresh` 로 풀 재초기화하는 방식이다.",JEUS,DataSource,jeusadmin,JDBC,ConnectionPool,https://docs.tmaxsoft.com/en/jeus/9/reference-guide/sect-console-jeusadmin-data-source.html,info,2026-04-30
jeus-013,was_jeus,JEUS Connection Pool 모니터링/제어,"JDBC/JCA 커넥션 풀은 jeusadmin의 connection-pool 그룹 명령으로 관리한다. monitor-connection-pool 은 풀 ID 미지정 시 전체 요약, ID 지정 시 상세를 보여준다. control-connection-pool 은 풀에 대해 -refresh(전부 재생성), -shrink(idle 정리), -disable/-enable 같은 동작을 수행한다. 풀 누수가 의심될 때는 우선 monitor-connection-pool로 활성/유휴/대기 카운트와 max-wait-time 초과 빈도 확인 → idle을 주기적으로 shrink 하거나 -refresh 로 reset → 누수 코드 수정 후 max-use-time / max-idle-time 설정 재검토 순으로 접근한다.",JEUS,ConnectionPool,모니터링,누수,JDBC,https://docs.tmaxsoft.com/en/jeus/9/reference-guide/sect-console-jeusadmin-connection-pool.html,high,2026-04-30
jeus-014,was_jeus,JEUS Web Connection 레벨 Thread Pool,"Web Connection 레벨 스레드 풀은 domain.xml의 <web-connections><http-listener><thread-pool> 요소로 반드시 설정되어야 하며, 누락 시 JEUS가 정상 기동되지 않는다. 핵심 항목은 <min>, <max>, <max-idle-time>(ms 단위, 예 300000), <max-queue>이다. 이 풀은 Context/Virtual Host 풀이 정의되지 않은 경우의 기본 풀이며, jeusadmin 으로 AJP 리스너 등을 동적 추가할 때도 같은 풀 항목 입력이 필요하다. CPU 코어와 동시 요청량을 기준으로 max를 산정하고, max-queue 가 너무 작으면 503 으로 거절되며, 너무 크면 응답지연이 누적된다.",JEUS,ThreadPool,WebConnection,domain.xml,HTTP,https://docs.tmaxsoft.com/en/jeus/9/web-engine-guide/chapter-thread-pool.html,high,2026-04-30
jeus-015,was_jeus,JEUS Virtual Host 레벨 Thread Pool,"Virtual Host 레벨 스레드 풀은 domain.xml의 <web-engine><virtual-host> 하위에 선택적으로 설정한다. 미설정 시 요청은 Web Connection 레벨 풀이 처리한다. <virtual-host-name>과 <host-name>(IP/도메인)을 매칭한 트래픽만 이 풀이 처리하므로, 도메인별 트래픽 격리(예: 관리자 페이지와 일반 사용자 트래픽 분리)에 유용하다. 운영 권장: 일반 트래픽 풀 max=40, 관리자 풀 max=10 식으로 분리하면 폭주 시 상호 간섭이 줄어든다.",JEUS,ThreadPool,VirtualHost,격리,domain.xml,https://docs.tmaxsoft.com/en/jeus/9/web-engine-guide/chapter-thread-pool.html,medium,2026-04-30
jeus-016,was_jeus,JEUS Context 레벨 Thread Pool,"Context 레벨 스레드 풀은 jeus-web-dd.xml의 <thread-pool> 아래 <base>(기본 풀) 1개와 <service-group> N개로 구성한다. 각 service-group은 고유 <name>과 매칭 <uri>(콤마 구분, 예 /index.html,/index.jsp)를 가지며, 매칭 URI 요청만 해당 풀이 처리한다. 매칭되지 않으면 base 풀로, base가 없으면 Virtual Host 풀로 위임된다. URL별 격리가 필요한 케이스(다운로드/업로드 / 결제 / 일반 페이지)에 효과적이며, jeusadmin deploy-application 시 단일 Context 풀을 함께 추가할 수 있다.",JEUS,ThreadPool,Context,service-group,jeus-web-dd.xml,https://docs.tmaxsoft.com/en/jeus/9/web-engine-guide/chapter-thread-pool.html,medium,2026-04-30
jeus-017,was_jeus,JEUS Thread State Notify,"JEUS 스레드 풀에는 Thread State Notify 항목이 있어, 워커 스레드가 BLOCKED 상태로 일정 시간 머무를 경우 자동 알림 또는 재기동 동작을 수행하도록 설정할 수 있다. Stuck Thread 진단 시 우선 jstack 으로 BLOCKED/TIMED_WAITING 비율을 확인하고, Notify 임계치(예: 60s)를 넘기는 스레드가 다수면 외부 호출(JDBC, HTTP) 타임아웃부터 점검한다. Notify 동작을 너무 공격적으로 잡으면 일시적 부하 시 빈번한 풀 재시작이 발생할 수 있어 임계치는 평소 P99 응답시간의 3~5배 이상으로 잡는다.",JEUS,ThreadPool,StuckThread,Notify,진단,https://docs.tmaxsoft.com/en/jeus/9/web-engine-guide/chapter-thread-pool.html,high,2026-04-30
jeus-018,was_jeus,JEUS 클러스터 데이터소스,"Cluster Data Source는 여러 컴포넌트 데이터소스를 묶어 fail-over 또는 load-balance 처리를 한다. 핵심 옵션 -load-balance, -auto-failback, -pre-create-conn-pools 가 있으며 pre-create 옵션을 켜두면 컴포넌트 DS의 풀을 사전에 생성해 첫 트래픽 지연을 줄일 수 있다. 한 컴포넌트 DS 가 장애 시 자동으로 다른 컴포넌트로 전환되며, failback 동작은 백그라운드 health-check 스레드로 결정된다. 운영 시 monitor-cluster-data-source 로 어느 컴포넌트가 active 인지 주기 확인하고, RAC/Standby 와 함께 쓸 때 SCAN 주소 사용을 권장한다.",JEUS,ClusterDataSource,Failover,LoadBalance,RAC,https://docs.tmaxsoft.com/en/jeus/9/reference-guide/sect-console-jeusadmin-data-source.html,high,2026-04-30
jeus-019,was_jeus,JEUS 분산 Session Server,"JEUS Session Server는 클러스터 환경에서 세션을 안전하게 추적하기 위한 분산 세션 저장 서버이다. 동작 방식은 MASTER-SLAVE 구조로 MASTER 노드가 세션 라우팅을 관리한다. 세션 트래킹 모드 중 distributed 를 선택하면 모든 세션이 Session Server 에 영속되며 노드 다운 시에도 세션 유실이 없다. 단, 세션 변경마다 네트워크 직렬화 비용이 발생하므로 큰 객체(>50KB)를 세션에 담지 않도록 주의한다. 메모리 부족 시 OOM 직전 LRU 정책으로 evict 되며, eviction-rate 가 급증하면 세션 사이즈와 timeout 을 우선 점검한다.",JEUS,Session,Cluster,SessionServer,Distributed,https://docs.tmaxsoft.com/en/jeus/9/session-guide/chapter-session-server.html,medium,2026-04-30
jeus-020,was_jeus,JEUS 9 신규 Session 처리 전용 Thread Pool,"JEUS 9 부터 세션 요청 처리 전용 스레드 풀이 도입되어 일반 HTTP 처리 풀과 격리된다. 분산 세션 환경에서 원격 세션 fetch 가 일반 워커 스레드를 점유해 풀이 마르는 문제를 해결한 것. domain.xml 의 session-router/thread-pool 설정으로 min/max/queue 를 조정한다. 세션 트래픽이 많은 사이트는 max를 일반 풀의 30~50% 수준으로 잡고, 모니터링은 monitor-thread-pool -id session-router 로 활성/대기 카운트를 본다.",JEUS,Session,ThreadPool,JEUS9,격리,https://docs.tmaxsoft.com/en/jeus/9/release-note/chapter-9.html,info,2026-04-30
jeus-021,was_jeus,JEUS 애플리케이션 동적 배포,"jeusadmin 의 application 그룹 명령(deploy-application, undeploy-application, redeploy-application, list-applications)으로 무중단에 가까운 동적 배포가 가능하다. 핵심 옵션은 -path(EAR/WAR 경로), -id(앱 ID), -targets(서버/클러스터), -options ""force,keepGenerated"" 등. redeploy 는 클래스로더를 새로 만들어 swap 하므로 정적 변수에 들어 있던 거대한 캐시 등이 GC 되지 않으면 Metaspace/ClassLoader 누수의 원인이 된다. 누수 확인은 MAT의 ClassLoader Explorer 에서 동일 앱 ClassLoader 인스턴스가 N+1 개인지 검증한다.",JEUS,Deploy,Redeploy,ClassLoader,누수,https://docs.tmaxsoft.com/en/jeus/9/reference-guide/sect-console-jeusadmin-application.html,high,2026-04-30
jeus-022,was_jeus,JEUS Logger 레벨 동적 변경,"jeusadmin 의 logger 그룹 명령으로 운영 중 로거 레벨을 변경할 수 있다. set-log-level -name <logger> -level <FINE|INFO|WARN|SEVERE> -server <serverName>. 트랜잭션 이상이나 EJB 동작 추적이 필요할 때 일시적으로 jeus.transaction, jeus.ejb 로거를 FINE 으로 올리고, 점검 후 반드시 원래 레벨로 복원한다. FINE 레벨을 장시간 켜두면 로그 I/O 가 폭증하여 디스크 압박과 GC 페이즈가 길어질 수 있다.",JEUS,Logger,운영,디버깅,jeusadmin,https://docs.tmaxsoft.com/en/jeus/9/reference-guide/sect-console-jeusadmin.html,info,2026-04-30
jeus-023,was_jeus,JEUS JNDI 객체 조회,"jeusadmin 에서 list-jndi 또는 monitor-jndi 명령으로 도메인/서버에 등록된 JNDI 객체를 조회할 수 있다. DataSource, EJB, ConnectionFactory 가 정상 등록되어 있는지 점검할 때 유용하며, 운영 중 ""NameNotFoundException"" 류 에러가 나면 1차로 list-jndi 결과와 애플리케이션 lookup 키를 대조한다. 클러스터 환경에서는 Global JNDI 와 서버 로컬 JNDI 가 분리되어 있어, 검색 범위(target) 옵션을 정확히 지정해야 누락 없이 조회된다.",JEUS,JNDI,DataSource,EJB,진단,https://docs.tmaxsoft.com/en/jeus/9/reference-guide/sect-console-jeusadmin.html,medium,2026-04-30
jeus-024,was_jeus,JEUS Transaction 모니터링,"JEUS Global Transaction(JTA)은 jeusadmin transaction 그룹 명령(monitor-transaction, recover-transaction)으로 점검한다. monitor-transaction 은 진행 중 글로벌 트랜잭션과 분기, 상태(active/preparing/committed)를 보여주며, 장시간 preparing 상태가 누적되면 XA 리소스 응답 지연이거나 in-doubt 트랜잭션이다. recover-transaction -gtid <id> -force 로 강제 종료가 가능하지만, 데이터 불일치 위험이 있으므로 DBA와 함께 진행한다.",JEUS,Transaction,JTA,XA,복구,https://docs.tmaxsoft.com/en/jeus/9/reference-guide/sect-console-jeusadmin.html,high,2026-04-30
jeus-025,was_jeus,JEUS EJB Pool / Cache 튜닝,"EJB 컨테이너의 인스턴스 풀(Stateless Session Bean) 과 캐시(Stateful Session Bean / Entity Bean)는 jeus-ejb-dd.xml 또는 콘솔에서 min, max, idle-timeout, passivation-timeout 으로 튜닝한다. 풀이 작으면 동시성 부족으로 호출 큐가 쌓이고, 너무 크면 메모리 압박/GC 빈도 증가가 발생한다. SLSB 호출 P99 latency 와 active count 모니터링으로 적정 max 를 정한다. 캐시 사이즈와 passivation 임계치도 메모리/디스크 trade-off 로 결정.",JEUS,EJB,Pool,Cache,튜닝,https://docs.tmaxsoft.com/en/jeus/9/server-guide/chapter-server-structure.html,medium,2026-04-30
jeus-026,was_jeus,JEUS WebAdmin 콘솔,"WebAdmin 은 JEUS 의 웹 기반 관리 콘솔로 jeusadmin 의 거의 모든 기능을 GUI 로 제공한다. 기본 포트는 base-port + 9 (예 9736), HTTPS 활성 시 별도 포트로 분리 가능하다. 운영 보안상 (1) 관리자 계정 강제 패스워드 정책, (2) 화이트리스트 IP, (3) WebAdmin 만 별도 가상 호스트로 분리하는 것이 권장된다. 트러블슈팅 시 화면 캡처/복구가 쉬우므로 운영팀 1차 대응에 적합하다.",JEUS,WebAdmin,관리콘솔,보안,GUI,https://docs.tmaxsoft.com/en/jeus/9/introduction-guide/chapter-what-is-jeus.html,info,2026-04-30
jeus-027,was_jeus,JEUS 도메인/노드매니저 구조,"JEUS 는 Domain Administration Server(DAS) 와 Managed Server, Node Manager 구조를 가진다. DAS 는 도메인 설정 권위를, Node Manager 는 각 호스트에서 Managed Server 를 기동/종료하는 에이전트 역할을 한다. Managed Server 는 클러스터에 속해 분산 트래픽을 처리한다. 운영자가 흔히 묻는 질문: ""DAS 가 죽으면 서비스도 죽나?"" → 아니다. 이미 기동된 Managed Server 는 계속 서비스하며, 다만 신규 배포/설정 변경이 일시적으로 불가하다.",JEUS,Domain,NodeManager,ManagedServer,Architecture,https://docs.tmaxsoft.com/en/jeus/9.1/server-guide/chapter-server-structure.html,info,2026-04-30
jeus-028,was_jeus,JEUS 부분 시작 / 부분 종료,"jeusadmin 의 server 그룹 명령은 start-server, shutdown-server, restart-server 를 제공하며 -targets 로 특정 Managed Server 만 무중단 롤링 재기동이 가능하다. 권장 절차: (1) shutdown-server -graceful 로 신규 요청 차단 후 in-flight 요청 처리 → (2) Node Manager 가 실제 종료 → (3) 새 버전 기동. 무중단을 위해서는 LB(Webtob/HW LB) 헬스체크 URL 응답을 명시적으로 NRDY 로 만들 수 있는 graceful path 가 함께 구성되어야 한다.",JEUS,롤링재기동,Graceful,운영,jeusadmin,https://docs.tmaxsoft.com/en/jeus/9/reference-guide/sect-console-jeusadmin.html,medium,2026-04-30
jeus-029,was_jeus,JEUS Heap / GC 튜닝 권장,"JEUS 9 운영 권장: (1) JDK 11+ G1GC 기본, -Xms = -Xmx 로 동일 사이즈, (2) -XX:MaxGCPauseMillis=200ms 로 시작, (3) GC 로그 -Xlog:gc*,gc+age=trace:file=gc.log:time,uptime,level,tags:filecount=10,filesize=50M, (4) heap dump 자동 캡처 -XX:+HeapDumpOnOutOfMemoryError -XX:HeapDumpPath=/var/log/jeus/heap, (5) Metaspace 는 -XX:MaxMetaspaceSize=512m 명시. 컨테이너 환경은 -XX:+UseContainerSupport 로 cgroup 메모리 인식.",JEUS,GC,G1GC,Heap,JVM옵션,https://docs.oracle.com/en/java/javase/11/gctuning/garbage-first-g1-garbage-collector1.html,high,2026-04-30
jeus-030,was_jeus,JEUS 로그 파일 종류,"JEUS 서버 로그 종류: (1) JeusServer.log – 서버 전체 메인 로그, (2) <서버명>_servlet.log – Web 컨테이너 액세스/에러 로그, (3) <서버명>_jeus.log – jeus.* 카테고리 로그, (4) GC 로그 – -Xlog 옵션으로 별도 위치, (5) WebAdmin / jeusadmin 운영 로그. 각 로거에 rolling 정책(size/date)과 보관 기수를 별도 설정한다. 디스크 풀 발생을 막기 위해 logrotate 와 별개로 JEUS 자체 rotation 을 반드시 활성화한다.",JEUS,로그,Logger,Rotation,운영,https://docs.tmaxsoft.com/en/jeus/9/reference-guide/sect-console-jeusadmin.html,info,2026-04-30
jeus-031,was_jeus,JEUS 503 Service Unavailable 진단,"JEUS 503 의 흔한 원인: (1) Web Connection 풀의 max-queue 초과, (2) Stuck Thread 로 인한 가용 스레드 0, (3) Webtob 와의 JSV 연결 정상이지만 JEUS 전체 graceful shutdown 모드, (4) Application 미배포/배포 실패. 진단 순서: monitor-thread-pool 로 active=max, queue=full 인지 → jstack 으로 BLOCKED 분석 → JeusServer.log 에서 deploy 실패 또는 graceful 메시지 확인 → Webtob hth 로그에서 status NRDY 인지 확인.",JEUS,503,ThreadPool,StuckThread,진단,https://docs.tmaxsoft.com/en/jeus/9/web-engine-guide/chapter-thread-pool.html,high,2026-04-30
jeus-032,was_jeus,JEUS 502 / 504 Webtob 연동 에러,"Webtob – JEUS 연동(JSV)에서 502/504 가 잡히는 패턴: (1) JSV CLOPT 의 -L IP:Port 가 JEUS http listener 가 아닌 ajp 리스너를 잘못 가리킴, (2) JEUS 측에서 ajp listener thread-pool 미설정으로 기동 실패, (3) JEUS 응답이 webtob keep-alive 타임아웃을 초과. 진단: webtob hth 로그의 ""JSV connect fail"" / ""read timeout"" → JEUS 측 listener 포트 listen 여부 → netstat / ss 로 ESTABLISHED 카운트 비교.",JEUS,Webtob,JSV,502,504,https://docs.tmaxsoft.com/en/jeus/9/reference-guide/sect-console-jeusadmin.html,high,2026-04-30
jeus-033,was_jeus,JEUS 클러스터 가입/탈퇴,"jeusadmin cluster 그룹 명령(add-cluster-server, remove-cluster-server, list-cluster-servers, monitor-cluster) 으로 런타임 클러스터 변경이 가능하다. 신규 서버 가입 절차: (1) 동일 도메인에 Managed Server 추가 → (2) add-cluster-server -cluster <name> -server <new>, (3) Node Manager 통해 기동 → (4) Webtob/HW LB 헬스체크 멤버 추가. 탈퇴 시 graceful shutdown 후 remove-cluster-server 순서를 지켜야 세션 fail-over 가 자연스럽다.",JEUS,Cluster,jeusadmin,Scale,운영,https://docs.tmaxsoft.com/en/jeus/9.1/server-guide/chapter-server-structure.html,medium,2026-04-30
jeus-034,was_jeus,JEUS 보안 SSL/TLS 설정,"JEUS Web Connection 에 SSL 을 활성화하려면 domain.xml 의 <http-listener> 에 <secure>true</secure> 와 <key-store-file>, <key-store-password>, <key-alias>, <protocols>, <cipher-suites> 를 설정한다. 운영 권장: TLSv1.2/1.3 만 허용, 약한 cipher 제거, key-store 는 PKCS12 형식, 인증서 만료 30일 전 알림. 인증서 교체 시 동적 reload 미지원이면 graceful restart 가 필요하다.",JEUS,SSL,TLS,보안,HTTPS,https://docs.tmaxsoft.com/en/jeus/9/web-engine-guide/chapter-thread-pool.html,high,2026-04-30
jeus-035,was_jeus,JEUS Servlet Session Timeout,"JEUS 의 servlet 세션 타임아웃은 web.xml 의 <session-timeout>(분 단위) 또는 jeus-web-dd.xml 의 별도 항목으로 지정한다. 분산 세션을 사용할 때 timeout 이 너무 길면 Session Server 메모리 누적, 너무 짧으면 사용자 재로그인이 잦아진다. 운영 가이드: 일반 사이트 30분, 보안 사이트(금융) 5~10분, 어드민 페이지 15분. invalidate 패턴(로그아웃 시 명시적 invalidate)이 미구현이면 timeout 까지 세션이 메모리에 남는다.",JEUS,Session,Timeout,web.xml,Servlet,https://docs.tmaxsoft.com/en/jeus/9/session-guide/chapter-session-server.html,medium,2026-04-30
jeus-036,was_jeus,JEUS JNI / Native 라이브러리 OOM,"JEUS 에서 Native 메모리 OOM 패턴: (1) Oracle OCI / Tibero JNI 드라이버 사용 시 native 누수, (2) 압축/이미지 처리 라이브러리(JNA), (3) Direct ByteBuffer 누수. 진단: jcmd <pid> VM.native_memory summary, pmap, /proc/<pid>/smaps 로 RSS 와 heap 차이 확인 → heap 은 정상인데 RSS 만 증가하면 native 누수. 해결: JNI 드라이버는 Type4 Pure Java 로 교체, -XX:MaxDirectMemorySize 명시, NMT(NativeMemoryTracking) 옵션 활성.",JEUS,Native,OOM,JNI,NMT,https://docs.oracle.com/en/java/javase/11/troubleshoot/troubleshoot-memory-leaks.html,high,2026-04-30
jeus-037,was_jeus,JEUS Hot Deploy ClassLoader 누수 회피,"Hot Deploy(redeploy) 후 이전 ClassLoader 가 GC 되지 않는 패턴: (1) 정적 컬렉션에 ThreadLocal 누적, (2) JDBC 드라이버를 WAR 안에 패키징해 DriverManager 가 참조 유지, (3) Logger 가 애플리케이션 클래스 참조. 회피: (1) 드라이버는 도메인 lib 또는 공용 lib 에 두고 WAR 에서 제거, (2) ServletContextListener.contextDestroyed 에서 ThreadLocal/Cache/Timer 정리, (3) WAR 자체 logger 는 ServletContext 에 묶고 종료 시 shutdown.",JEUS,HotDeploy,ClassLoader,누수,Metaspace,https://docs.tmaxsoft.com/en/jeus/9/release-note/chapter-9.html,high,2026-04-30
jeus-038,was_jeus,JEUS WebSocket 운영,"JEUS WebContainer 는 JSR-356 WebSocket 을 지원한다. 운영 시 주요 이슈: (1) idle 타임아웃이 짧으면 클라이언트가 자주 재연결, (2) Webtob 앞단의 idle/keep-alive 가 JEUS 보다 짧으면 연결이 자주 끊김, (3) heartbeat ping/pong 미설정 시 NAT 장비가 silent drop. 권장: WebSocket idle 600s, Webtob 와 일치, 30s 간격 ping. 모니터링은 monitor-web-engine 에서 active websocket session 수.",JEUS,WebSocket,Idle,KeepAlive,JSR356,https://docs.tmaxsoft.com/en/jeus/9/web-engine-guide/chapter-thread-pool.html,medium,2026-04-30
jeus-039,was_jeus,JEUS jeus.properties / 환경 변수,"JEUS 기동 시 사용되는 주요 환경 변수: JEUS_HOME(설치 경로), JEUS_BASEPORT(기본 9736), CLASSPATH(공용 lib), JAVA_HOME, JEUS_PRINCIPAL(관리자 계정 환경변수), JEUS_OPTS(추가 JVM 옵션). 보안상 JEUS_PRINCIPAL 패스워드를 평문으로 두지 말고 jeusadmin 의 encrypt 도구로 암호화 후 jeus.properties 에 보관한다.",JEUS,환경변수,jeus.properties,보안,기동,https://docs.tmaxsoft.com/en/jeus/9/reference-guide/sect-console-jeusadmin.html,info,2026-04-30
jeus-040,was_jeus,JEUS 9 vs 8 주요 차이,"JEUS 9 는 JDK 11/17 정식 지원, Servlet 4.0 / WebSocket 1.1 / JPA 2.2 등 Java EE 8 스펙을 따른다. 세션 처리 전용 스레드 풀 분리, jeusadmin CLI 강화, WebAdmin 화면 개편이 주요 변경. 8 → 9 마이그레이션 체크: (1) deprecated API(Java EE → Jakarta) 점검, (2) javax.* 패키지가 Jakarta 로 변경되는 차기 버전 대비, (3) JCA/JMS 리소스 어댑터 호환성 테스트, (4) GC 옵션이 CMS 였다면 G1 으로 전환.",JEUS,버전,9,마이그레이션,JakartaEE,https://docs.tmaxsoft.com/en/jeus/9/release-note/chapter-9.html,info,2026-04-30
jeus-041,was_jeus,JEUS Async Servlet / Non-blocking,"Servlet 3.1+ 의 비동기 Servlet 은 JEUS 에서 startAsync() 로 처리하며, 워커 스레드를 즉시 반환해 풀 점유를 줄인다. 외부 API 호출이 길거나(>1s) 비율이 높은 경우 async 로 전환하면 동일 max 스레드로 더 큰 동시성 처리가 가능하다. 단, AsyncContext.complete() 누락 시 응답이 끊겨 풀이 누수처럼 보일 수 있어, completed/timeout 핸들러를 모두 구현해야 한다.",JEUS,Async,Servlet,NonBlocking,ThreadPool,https://docs.tmaxsoft.com/en/jeus/9/web-engine-guide/chapter-thread-pool.html,medium,2026-04-30
jeus-042,was_jeus,JEUS jeusadmin -repeat / -interval 운영 활용,"-repeat / -interval 글로벌 옵션은 동일 명령을 일정 간격 반복 실행한다. 예: jeusadmin ... ""monitor-thread-pool"" -repeat 60 -interval 5 → 5초마다 60회. 부하 테스트 중 풀 사용량 추이를 파일로 기록할 때 `... -repeat 720 -interval 5 > /var/log/jeus/threadpool.log` 와 같이 활용하며, 5초 간격으로 1시간 모니터링이 가능. -repeat 없이 -interval 만 쓰면 에러.",JEUS,jeusadmin,운영,모니터링,CLI,https://docs.tmaxsoft.com/en/jeus/9/reference-guide/sect-console-jeusadmin.html,info,2026-04-30
jeus-043,was_jeus,JEUS Heap Dump / Thread Dump 자동화 스크립트,"운영 자동화 권장 스크립트: (1) JEUS 프로세스 PID 식별: `pgrep -f ""JeusServer .* <serverName>""`, (2) Thread Dump: `jcmd <pid> Thread.print > td_$(date +%Y%m%d_%H%M%S).txt` 5초 간격 3회 수집, (3) Heap Dump: `jcmd <pid> GC.heap_dump /var/log/jeus/heap/heap_$(date +%Y%m%d_%H%M%S).hprof`. crontab 또는 alert 트리거(스레드 사용률 90% 초과)에 묶어 실행하면 사후 분석이 수월하다.",JEUS,HeapDump,ThreadDump,자동화,jcmd,https://docs.tmaxsoft.com/en/jeus/9/reference-guide/sect-console-jeusadmin.html,high,2026-04-30
jeus-044,was_jeus,JEUS JCA Connection Factory,"JEUS 는 JCA 1.7 어댑터(예: JMS, Mainframe, ERP 연동)를 지원하며 jeusadmin 의 add-resource-adapter, deploy-rar 명령으로 등록한다. ConnectionFactory 풀의 min/max 와 transaction support level(NO_TRANSACTION/LOCAL/XA)을 정확히 설정해야 한다. JCA 풀이 마르면 어플리케이션이 ResourceAllocationException 발생, 운영 중 monitor-connection-pool -factory 로 점검.",JEUS,JCA,ResourceAdapter,ConnectionFactory,JMS,https://docs.tmaxsoft.com/en/jeus/9/reference-guide/sect-console-jeusadmin-connection-pool.html,medium,2026-04-30
jeus-045,was_jeus,JEUS Health Check URL 패턴,"로드밸런서/Webtob 헬스체크 권장 패턴: (1) 정적 자원이 아닌 가벼운 동적 컨트롤러(/health) 사용 → graceful 종료 시 200 → 503 으로 즉시 전환 가능, (2) DB 연결 확인은 별도 /health/deep 로 분리해 LB 는 /health 만 본다, (3) 응답 본문에 buildId/instanceId 포함해 어떤 서버가 응답하는지 추적. 무중단 배포 시 /health 는 SIGTERM 직후 NRDY 로 전환되어 LB 가 빠지는 시간을 줄인다.",JEUS,HealthCheck,무중단,LB,운영,https://docs.tmaxsoft.com/en/jeus/9/reference-guide/sect-console-jeusadmin.html,medium,2026-04-30
jeus-046,was_jeus,JEUS Servlet 요청 Tracing,"요청별 추적은 (1) MDC + 요청 ID(헤더 X-Request-ID 또는 traceId) 를 servlet filter 에서 주입, (2) 로그 패턴에 %X{traceId} 포함, (3) Webtob 액세스 로그도 동일 헤더 포함시 end-to-end 매칭 가능. 마이크로서비스 간 호출은 OpenTelemetry/JEUS Java agent 로 자동 전파. 장애 시 로그 단편이 분산돼도 traceId 로 연결 가능해 평균 분석 시간(MTTA) 단축.",JEUS,Tracing,MDC,OpenTelemetry,로그,https://docs.tmaxsoft.com/en/jeus/9/reference-guide/sect-console-jeusadmin.html,info,2026-04-30
jeus-047,was_jeus,JEUS JMS 운영,"JEUS 자체 JMS 또는 외부 브로커(Kafka 아닌 JMS, ActiveMQ/Tibco) 연동 시 (1) ConnectionFactory 풀 max 가 consumer 수 + producer 수 보다 충분, (2) Message Driven Bean 의 instance pool max 가 broker 의 max consumer 와 일치, (3) consumer 처리 지연 시 DLQ 정책 명확. JMS 메시지 누적은 메모리 OOM 보다 디스크 풀이 먼저 발생하기 쉬워 store 디스크 모니터링이 중요.",JEUS,JMS,MDB,DLQ,ConnectionFactory,https://docs.tmaxsoft.com/en/jeus/9/reference-guide/sect-console-jeusadmin-connection-pool.html,medium,2026-04-30
jeus-048,was_jeus,JEUS GC 로그로 Stuck 진단,"Stuck 으로 보이는데 jstack 은 RUNNABLE 만 있을 때 GC 페이즈 점검: (1) -Xlog:gc* 로 G1 mixed GC, Full GC pause 시간 확인, (2) Pause >1s 가 빈번하면 heap 부족 또는 IHOP 너무 높음, (3) safepoint 진입 지연도 확인 -XX:+PrintSafepointStatistics(JDK 8) / -Xlog:safepoint(JDK 11+). 외부에서는 stuck 처럼 보이지만 실은 GC 가 원인.",JEUS,GC,Stuck,Safepoint,진단,https://docs.oracle.com/en/java/javase/11/gctuning/garbage-first-g1-garbage-collector1.html,high,2026-04-30
jeus-049,was_jeus,JEUS 보안 패치 적용,"JEUS 보안 패치는 Tmaxsoft TechNet 에서 release note 와 patch note 를 받아 적용한다. 적용 절차: (1) staging 환경 검증, (2) jeusadmin shutdown-server -graceful, (3) 백업 후 patch 파일 덮어쓰기, (4) 노드매니저로 기동, (5) JeusServer.log 의 버전 라인 확인. CVE 등 긴급 패치는 무중단 롤링 적용을 우선하며, 동일 도메인 내 서버를 한 대씩 처리한다.",JEUS,보안,패치,CVE,운영,https://technet.tmaxsoft.com/upload/download/online/jeus/,high,2026-04-30
jeus-050,was_jeus,JEUS 운영 체크리스트 (월간),"월간 운영 체크리스트: (1) JeusServer.log 의 ERROR/SEVERE 패턴 카운트 추세, (2) heap 사용률 P95, GC 빈도/시간 추세, (3) Stuck Thread 발생 횟수, (4) ConnectionPool active P95, (5) 인증서 만료일 잔여, (6) 디스크 사용률 (로그/세션/store), (7) 보안 패치 미적용 CVE 목록. 결과를 대시보드 또는 월간 리포트로 정리해 변경 관리 회의에서 공유.",JEUS,운영,체크리스트,모니터링,SRE,https://docs.tmaxsoft.com/en/jeus/9/reference-guide/sect-console-jeusadmin.html,info,2026-04-30
webtob-011,was_webtob,Webtob 시작/종료 명령,"Webtob 는 wsboot(기동), wsdown(종료), wsadmin(관리 콘솔)로 운영한다. 기동: `wsboot -i webtob-config.json` 또는 환경변수 WEBTOB_CONFIG 사용, 종료: `wsdown -i` 인터랙티브 또는 `wsdown -y` 강제. 정상 기동 확인은 wsadmin 의 svg-info 결과에서 모든 svg 가 RDY 상태인지 확인한다. 기동 실패 시 ${WEBTOB_DIR}/log/slog 의 boot 메시지 확인이 1차.",Webtob,wsboot,wsdown,기동,운영,https://docs.tmaxsoft.com/en/webtob/6/installation-guide/startup-shutdown.html,info,2026-04-30
webtob-012,was_webtob,Webtob webtob-config.json 핵심 필드,"Webtob 6 는 webtob-config.json(JSON 기반 설정)을 사용한다. 핵심 노드: NODE(호스트, http/wjp 포트), VHOST(가상호스트, document_root), SVRGROUP(svg 정의, 백엔드 서버 종류), SERVER(svg 멤버), URI(매핑), LOGGING(액세스/에러 로그). 동일 호스트에 여러 인스턴스를 띄울 때 포트가 unique 해야 하며, JEUS 와 통신하는 wjp 포트는 JEUS ajp/jsv 리스너와 일치시킨다.",Webtob,설정,JSON,Node,VHOST,https://docs.tmaxsoft.com/en/webtob/6/installation-guide/startup-shutdown.html,info,2026-04-30
webtob-013,was_webtob,Webtob NODE 섹션,"NODE 섹션은 Webtob 인스턴스의 호스트 정보(name, ip), 사용 포트(http_port, https_port, wjp_port), 관리 포트(adm_port), 로그/임시 디렉터리, max client 수 등을 정의한다. 운영 시 NODE 의 max-client 는 hth thread 수와 OS file-descriptor 한계를 같이 고려한다. ulimit -n 값을 max-client * 2 이상으로 잡지 않으면 동시 연결 시 EMFILE 에러.",Webtob,NODE,설정,포트,ulimit,https://docs.tmaxsoft.com/en/webtob/6/administrator-guide/configuration-node.html,medium,2026-04-30
webtob-014,was_webtob,Webtob VHOST / DOCROOT,"VHOST 섹션으로 가상호스트(도메인별 다른 docroot, ssl, log 분리)를 정의한다. 핵심 항목: HostName, NODENAME, DOCROOT, ErrorDocument, SSLFLAG. 한 인스턴스에서 여러 도메인을 처리하는 경우 VHOST 별 액세스 로그를 별도 파일로 분리하여 분석을 쉽게 한다. 와일드카드 도메인은 CN 또는 SAN 인증서와 매칭되도록 SSL 설정을 함께 점검.",Webtob,VHOST,DocRoot,가상호스트,SSL,https://docs.tmaxsoft.com/en/webtob/6.1/administrator-guide/configuration-destination.html,info,2026-04-30
webtob-015,was_webtob,Webtob URI 매핑 / Reverse Proxy,"URI 섹션으로 path 별 svg 매핑을 정의한다. 예: /api/* → SVRGROUP=apiSvg, /static/* → htmlSvg(정적). DESTINATION 섹션은 reverse proxy 대상(외부 URL)을 정의하며, sticky session, load balancing, session affinity 옵션을 가진다. 백엔드 장애 시 자동 페일오버를 위해 health check 주기 / fail threshold 를 설정한다.",Webtob,URI,ReverseProxy,Destination,매핑,https://docs.tmaxsoft.com/en/webtob/6.1/administrator-guide/configuration-destination.html,medium,2026-04-30
webtob-016,was_webtob,Webtob LOGGING 섹션,"LOGGING 섹션에서 access log / error log / system log 의 포맷, rotation 정책, 보관 일수를 정의한다. 포맷은 Apache 호환 Common/Combined 또는 사용자 정의. rotation 은 size 또는 daily, hourly 단위로 가능. 개인정보(쿼리스트링) 마스킹은 로그 포맷 자체에서 IP 마지막 옥텟 마스킹과 query string 제거 옵션을 사용. logrotate 와 중복 설정 시 파일 잠김 이슈 가능.",Webtob,Logging,AccessLog,Rotation,개인정보,https://docs.tmaxsoft.com/en/webtob/6/what-is-webtob.html,info,2026-04-30
webtob-017,was_webtob,Webtob 503 Service Unavailable 진단 절차,"Webtob 503 진단 절차: (1) wsadmin svg-info 로 svg 가 RDY 인지 NRDY 인지, (2) NRDY 면 백엔드(JEUS/Reverse Proxy) 연결 실패 → JEUS 측 listener 확인, (3) RDY 인데 503 이면 max client 또는 하드 스로틀링 한도, (4) hth 로그의 timeout/connect refused 메시지, (5) JEUS thread pool 포화. 상관관계 분석을 위해 hth 로그와 JEUS JeusServer.log 시각을 동기화.",Webtob,503,진단,svg,JEUS,https://docs.tmaxsoft.com/en/webtob/6/administrator-guide/webtob-console-tool.html,high,2026-04-30
webtob-018,was_webtob,Webtob 502 Bad Gateway 진단,"502 는 백엔드 응답 자체가 비정상일 때 발생. 점검: (1) JEUS 가 graceful shutdown 진행 중, (2) 백엔드 헤더 너무 큼 (max-header-size 초과), (3) JEUS 응답 도중 connection reset, (4) reverse proxy 대상 SSL 인증서 만료/CN 불일치. hth 로그에 ""upstream prematurely closed"" 메시지 패턴 확인.",Webtob,502,BadGateway,JEUS,진단,https://docs.tmaxsoft.com/en/webtob/6/administrator-guide/webtob-console-tool.html,high,2026-04-30
webtob-019,was_webtob,Webtob 504 Gateway Timeout,"504 는 백엔드 응답이 타임아웃일 때. svg/server 정의의 readtimeout 또는 글로벌 SVRTIMEOUT 보다 백엔드 처리시간이 길면 발생. 해결: (1) 장기 처리 API 는 별도 svg 로 분리하고 timeout 을 상향, (2) 일반 트래픽 svg 는 짧은 timeout 유지, (3) JEUS 측 stuck thread 점검. timeout 을 무한정 늘리면 hth 워커가 고갈된다.",Webtob,504,Timeout,svg,튜닝,https://docs.tmaxsoft.com/en/webtob/6/administrator-guide/webtob-console-tool.html,high,2026-04-30
webtob-020,was_webtob,Webtob HTH 워커 수 산정,"HTH(Handler) 워커 수는 동시 연결의 함수다. 권장: max-client = (피크 동시 keep-alive + 신규) * 1.2, 워커 수 = max-client / hth-thread-per-process. CPU 코어 수 보다 너무 많이 띄우면 컨텍스트 스위치 비용 증가, 너무 적으면 큐 대기. JEUS 와 1:1 비율보다는 1:0.5~1:1 사이에서 시작해 svg-info 로 최적화.",Webtob,HTH,Worker,Sizing,튜닝,https://docs.tmaxsoft.com/en/webtob/6/what-is-webtob.html,medium,2026-04-30
webtob-021,was_webtob,Webtob KeepAlive 설정,"KeepAlive 가 활성이면 클라이언트 한 명당 다수 요청을 한 TCP 연결로 처리해 latency 감소. 핵심 설정: KeepAlive(on/off), KeepAliveTimeout(초), MaxKeepAliveRequests. 너무 길면 idle 연결이 hth slot 점유, 너무 짧으면 신규 핸드셰이크 부담. 일반 사이트 5~15s 권장. WebSocket / SSE 는 별도 svg 또는 별도 timeout 으로 분리.",Webtob,KeepAlive,TCP,튜닝,성능,https://docs.tmaxsoft.com/en/webtob/6/what-is-webtob.html,medium,2026-04-30
webtob-022,was_webtob,Webtob HTTP 응답 캐시,"Webtob 는 HTTP 응답 캐시 기능을 제공하며, wsadmin cache-list 로 캐시된 항목을 조회한다. 캐시 적용 대상: 정적 파일, 자주 호출되는 GET API. Cache-Control / Expires 헤더 기준으로 동작하며 vary 헤더 처리 시 동일 URL 의 다른 변종을 별도 키로 저장한다. 캐시 무효화는 백엔드 응답이 갱신되거나 강제 flush 명령으로 처리.",Webtob,Cache,HTTP,wsadmin,성능,https://docs.tmaxsoft.com/en/webtob/6/administrator-guide/webtob-console-tool.html,medium,2026-04-30
webtob-023,was_webtob,Webtob 모니터링 명령 stat-info,"wsadmin stat-info(st) 는 svg/server 별 처리 카운트, 평균 응답시간, 활성 클라이언트 수를 보여 준다. -repeat 5 식 옵션과 결합해 추세를 보면 특정 svg 의 적체를 발견할 수 있다. 분석 팁: avg_resp_time 이 baseline 의 3배 이상 → 백엔드 점검, active=max → svg 워커 부족.",Webtob,wsadmin,stat-info,모니터링,성능,https://docs.tmaxsoft.com/en/webtob/6/administrator-guide/webtob-console-tool.html,medium,2026-04-30
webtob-024,was_webtob,Webtob client-info / connection-info 활용,"client-info(cli) 는 현재 접속 중 클라이언트 IP/상태, connection-info(ci) 는 webtob ↔ 내부 서버 연결 상태를 보여 준다. 503 에러 폭주 시 ci 로 RPROXY/JSV 연결 비율, READY/RUNNING 비율을 확인해 어느 단계에 병목이 있는지 빠르게 파악할 수 있다. svg-info 와 함께 보면 90% 이상의 운영 이슈 위치 식별 가능.",Webtob,wsadmin,client-info,connection-info,진단,https://docs.tmaxsoft.com/en/webtob/6/administrator-guide/webtob-console-tool.html,medium,2026-04-30
webtob-025,was_webtob,Webtob svg 상태 코드 RDY/NRDY/BLK,"svg-info 결과의 svg 상태 의미: RDY=백엔드 연결 OK 요청 처리 가능, NRDY=백엔드 연결 없음 처리 불가, BLK=관리자가 일시 중지(suspend). 운영 중 NRDY 가 잠깐 보이는 것은 backend graceful 재기동 정상 동작이지만, 지속되면 wjp/ajp 포트나 JEUS thread pool 미준비를 의심. BLK 는 주로 점검 시 의도적으로 설정.",Webtob,svg,RDY,NRDY,BLK,https://docs.tmaxsoft.com/en/webtob/6/administrator-guide/webtob-console-tool.html,info,2026-04-30
webtob-026,was_webtob,Webtob Remote Type 분류,"connection-info 결과의 Remote Type: CLIENT(일반 클라이언트), CLIENT_WEBSOCKET(WebSocket), RPROXY(reverse proxy 단발), RPROXY_PERSISTENT(reverse proxy keep-alive), RPROXY_WEBSOCKET(reverse proxy ws), JSV(JEUS 연결). 웹소켓 트래픽은 일반 keep-alive 와 다르게 매우 길게 살아있어 connection 카운트가 급증하면 ws 별도 svg 로 격리하는 것이 좋다.",Webtob,RemoteType,WebSocket,JSV,RPROXY,https://docs.tmaxsoft.com/en/webtob/6/administrator-guide/webtob-console-tool.html,info,2026-04-30
webtob-027,was_webtob,Webtob 클라이언트 상태 READY/RUNNING,"client-info 의 클라이언트 상태: READY=요청 수신 대기, RUNNING=요청 처리 중. 동일 IP 가 RUNNING 상태로 오래 머무르면 해당 백엔드 응답 지연 가능성. 비정상 IP 가 다수 RUNNING 인 경우 슬로우로리스 형 공격 의심 → max client 와 keep-alive timeout 단축, IDS/WAF 차단 룰 적용.",Webtob,client,READY,RUNNING,보안,https://docs.tmaxsoft.com/en/webtob/6/administrator-guide/webtob-console-tool.html,medium,2026-04-30
webtob-028,was_webtob,Webtob SSL/TLS 설정,"Webtob 6 의 SSL 설정은 NODE/VHOST 의 SSL 섹션에 SSLFlag, SSLCertFile, SSLCertKeyFile, SSLProtocol(TLSv1.2 TLSv1.3), SSLCipherSuite 를 명시. 운영 권장: TLSv1.0/1.1 비활성, 약한 RC4/3DES 제외, OCSP stapling 활성. 인증서 갱신 시 정상 reload 명령(또는 graceful restart) 사용. 다수 도메인은 SAN 인증서 또는 SNI 설정 활용.",Webtob,SSL,TLS,HTTPS,보안,https://docs.tmaxsoft.com/en/webtob/6/administrator-guide/configuration-ssl.html,high,2026-04-30
webtob-029,was_webtob,Webtob mTLS 클라이언트 인증,"내부 시스템 간 통신에서 클라이언트 인증서까지 검증하는 mTLS 설정: SSLVerifyClient=require, SSLCACertFile=ca.pem, SSLVerifyDepth=2. 클라이언트 인증 실패 시 액세스 로그에 SSL handshake error 로 기록. 인증서 폐기 목록(CRL) 또는 OCSP 검증 옵션을 함께 설정해 폐기된 인증서 차단.",Webtob,mTLS,ClientAuth,보안,CRL,https://docs.tmaxsoft.com/en/webtob/6/administrator-guide/configuration-ssl.html,high,2026-04-30
webtob-030,was_webtob,Webtob HSTS / 보안 헤더,"응답 보안 헤더 권장: Strict-Transport-Security(max-age=31536000; includeSubDomains), X-Content-Type-Options(nosniff), X-Frame-Options(SAMEORIGIN), Content-Security-Policy(default-src self), Referrer-Policy(strict-origin-when-cross-origin). Webtob 는 ResponseHeader 디렉티브 또는 VHOST 별 설정으로 일괄 추가 가능. 보안 점검 도구(OWASP ZAP, ssllabs)로 등급 확인.",Webtob,보안헤더,HSTS,CSP,OWASP,https://docs.tmaxsoft.com/en/webtob/6/administrator-guide/configuration-ssl.html,medium,2026-04-30
webtob-031,was_webtob,Webtob Sticky Session 구성,"Reverse Proxy / JEUS 연동에서 sticky session 은 JSESSIONID 끝 라우팅 hint 또는 별도 cookie/parameter 로 동일 백엔드로 라우팅한다. DESTINATION 섹션에 StickySession=on 과 StickyCookie=JSESSIONID 명시. 서버 장애 시 hint 대상이 NRDY 면 다른 서버로 fail-over 되며, 세션 복제(분산세션) 가 없으면 사용자 세션 손실. 분산세션과 sticky 를 함께 쓰면 평상시 같은 서버로 가서 캐시 히트 향상.",Webtob,StickySession,JSESSIONID,LoadBalance,JEUS,https://docs.tmaxsoft.com/en/webtob/6.1/administrator-guide/configuration-destination.html,medium,2026-04-30
webtob-032,was_webtob,Webtob LoadBalance 알고리즘,"DESTINATION/SVRGROUP 의 LoadBalance 알고리즘: RoundRobin(기본), Weight(가중치), Random, FastResponseTime(응답 빠른 서버 우선). 트래픽 특성에 따라 선택: 평균 균일 부하 → RoundRobin, 서버 사양 다름 → Weight, 응답 분포 큼 → FastResponseTime. 알고리즘 변경은 reload 로 무중단 적용 가능.",Webtob,LoadBalance,RoundRobin,Weight,튜닝,https://docs.tmaxsoft.com/en/webtob/6.1/administrator-guide/configuration-destination.html,info,2026-04-30
webtob-033,was_webtob,Webtob health check / fail-over,"백엔드 health check 는 SVRGROUP/DESTINATION 의 HealthCheck=on, HealthCheckInterval, HealthCheckTimeout, HealthCheckURL 등으로 설정. 연속 N 회 실패 시 NRDY 로 마크, M 회 성공 시 다시 RDY 복귀. URL 은 HTTP 200 응답 + 의미 있는 본문(예: ok). 정적 파일을 health check 로 쓰면 백엔드가 부분 죽었을 때도 200 이 나와 잘못된 정상으로 판단될 수 있음.",Webtob,HealthCheck,Failover,NRDY,운영,https://docs.tmaxsoft.com/en/webtob/6.1/administrator-guide/configuration-destination.html,high,2026-04-30
webtob-034,was_webtob,Webtob Compression / Gzip,"Webtob 응답 압축은 Compression=on 과 압축 대상 mime 타입(text/html, text/css, application/json, application/javascript) 지정. 이미지/PDF 등 이미 압축된 콘텐츠는 제외. 압축 레벨이 높을수록 CPU 비용 증가, 일반 5~6 레벨 권장. 클라이언트가 Accept-Encoding gzip 보낼 때만 압축, br(brotli) 지원 여부도 버전별 확인.",Webtob,Gzip,Compression,성능,MIME,https://docs.tmaxsoft.com/en/webtob/6/what-is-webtob.html,medium,2026-04-30
webtob-035,was_webtob,Webtob URL Rewrite / Redirect,"Webtob 의 URL Rewrite 는 mod_rewrite 와 유사한 패턴 기반 변환을 지원한다. 사용 패턴: (1) HTTP→HTTPS 리다이렉션, (2) 도메인 통합, (3) 레거시 URL 보존, (4) 정규식 path 매칭 후 백엔드 다른 svg 라우팅. Rewrite 룰이 많아질수록 매 요청 평가비용이 증가하므로 자주 매칭되는 룰을 위쪽에 둔다.",Webtob,URLRewrite,Redirect,HTTPS,리다이렉션,https://docs.tmaxsoft.com/en/webtob/6.1/administrator-guide/configuration-destination.html,medium,2026-04-30
webtob-036,was_webtob,Webtob ErrorDocument 사용자화,"ErrorDocument 디렉티브로 4xx/5xx 응답을 사용자 친화 페이지로 대체할 수 있다. 예: ErrorDocument 503 /errors/503.html, ErrorDocument 404 /errors/404.html. 단, 503 페이지 자체가 백엔드(JEUS)에 의존하면 다시 503 이 나올 수 있어 정적 파일로 두는 것이 안전. 모니터링이 사용자화 페이지에 속지 않도록 별도 헬스체크 URL 유지.",Webtob,ErrorDocument,503,404,UX,https://docs.tmaxsoft.com/en/webtob/6.1/administrator-guide/configuration-destination.html,info,2026-04-30
webtob-037,was_webtob,Webtob Access Control / IP 제한,"특정 path(/admin) 또는 호스트에 IP 화이트리스트/블랙리스트 적용은 ACCESS 섹션 또는 VHOST 별 ACL 디렉티브로 한다. 권장 패턴: 어드민 path 는 사내 IP 만, 일반 path 는 전체 허용, IDS/WAF 와 이중화. ACL 미스매치 시 403 응답이 access log 에 기록되며, 잦은 403 IP 는 자동 차단 룰로 연계.",Webtob,AccessControl,ACL,IP,보안,https://docs.tmaxsoft.com/en/webtob/6/administrator-guide/configuration-node.html,medium,2026-04-30
webtob-038,was_webtob,Webtob 무중단 reload,"설정 변경 후 wsadmin 의 reload 또는 운영 스크립트로 hth 프로세스를 graceful 재기동 가능. 무중단 절차: (1) 변경 파일 검증 wsconfig/configValidator, (2) reload 명령 발행, (3) svg-info 로 모든 svg 가 RDY 인지, (4) stat-info 로 응답시간 정상인지. 신규 옵션이 reload 로 적용되지 않는 경우(예: NODE 포트 변경)는 wsdown/wsboot 필요.",Webtob,Reload,무중단,운영,configValidator,https://docs.tmaxsoft.com/en/webtob/6/administrator-guide/getting-started.html,medium,2026-04-30
webtob-039,was_webtob,Webtob configValidator,"configValidator 는 webtob-config.json / .m 파일의 문법/논리 오류를 사전 점검하는 도구. CI/CD 파이프라인에 포함시켜 잘못된 설정이 운영에 반영되지 않게 한다. 출력 예: ""VHOST.HostName 중복"", ""DESTINATION.SVRGROUP 미정의"". 검증 통과 후 reload 하면 구성 실수로 인한 장애 가능성을 크게 줄인다.",Webtob,configValidator,CI/CD,검증,운영,https://docs.tmaxsoft.com/en/webtob/6/administrator-guide/getting-started.html,info,2026-04-30
webtob-040,was_webtob,Webtob 고가용성(HA),"Webtob HA 패턴: (1) Active-Active 두 인스턴스 + 외부 LB(L4/L7), (2) Active-Standby + VIP failover(keepalived/pacemaker). 동일 svg 정의를 두 인스턴스에 동기화 유지하고, 세션은 JEUS Session Server 등 외부에 보관. 한쪽 장애 시 LB 헬스체크가 NRDY 감지 → 트래픽 다른 노드로 이동. RTO 는 health check interval * threshold 에 좌우.",Webtob,HA,ActiveActive,VIP,LB,https://docs.tmaxsoft.com/en/webtob/6.1/administrator-guide/configuration-destination.html,high,2026-04-30
webtob-041,was_webtob,Webtob 로그 보관 정책 / 개인정보,"액세스 로그에는 IP, 쿼리스트링이 포함될 수 있어 개인정보보호법 관점에서 보관 정책을 명시해야 한다. 권장: (1) IP 마지막 옥텟 마스킹, (2) 쿼리스트링 중 token, password 키 마스킹, (3) 보관 기간 90일 또는 정책 기반, (4) 별도 암호화 저장소(WORM)로 이관. 복호화 키 분리 보관. 검색은 별도 로그 시스템(ELK/Loki)에서.",Webtob,로그,개인정보,마스킹,보안,https://docs.tmaxsoft.com/en/webtob/6/what-is-webtob.html,medium,2026-04-30
webtob-042,was_webtob,Webtob WebSocket Proxy,Webtob 는 WebSocket 업그레이드 요청을 reverse proxy 로 전달할 수 있다. 핵심: DESTINATION 또는 svg 에 WebSocket=on 과 idle timeout 을 일반 HTTP 와 다르게 길게(예 600s) 설정. ALB/외부 LB 와 함께 쓸 때 LB 의 idle timeout 도 같이 늘려야 silent drop 을 막는다. 동시 WS 연결 수가 많으면 별도 svg/노드로 분리.,Webtob,WebSocket,Proxy,idle,JEUS,https://docs.tmaxsoft.com/en/webtob/6/administrator-guide/webtob-console-tool.html,medium,2026-04-30
webtob-043,was_webtob,Webtob HTTP/2 활성화,"HTTP/2 는 HTTPS 환경에서만 사용 가능. NODE/VHOST 의 SSL 섹션에 HTTP2=on 추가 후 ALPN 으로 협상. 멀티플렉싱 효과로 정적 자원 다수 호출이 많은 페이지 성능 향상. 단, 일부 ALB/WAF 에서 헤더 변환 이슈가 있어 사전 호환성 테스트 필수. HTTP/3(QUIC) 은 버전별 지원 확인 필요.",Webtob,HTTP2,ALPN,성능,SSL,https://docs.tmaxsoft.com/en/webtob/6/administrator-guide/configuration-ssl.html,medium,2026-04-30
webtob-044,was_webtob,Webtob 슬로우로리스 / DoS 방어,"슬로우로리스 같은 헤더 천천히 보내기 공격 방어: (1) ClientHeaderTimeout 짧게(예 5s), (2) ClientBodyTimeout 짧게, (3) 동일 IP 동시 연결 제한 MaxConnPerIP, (4) WAF 와 이중화. 정상 사용자 영향 없는 한도 내에서 짧게 잡고, 모니터링(connection-info)으로 동일 IP 비정상 연결 수 추적.",Webtob,슬로우로리스,DoS,보안,Timeout,https://docs.tmaxsoft.com/en/webtob/6/administrator-guide/configuration-node.html,high,2026-04-30
webtob-045,was_webtob,Webtob 정적 파일 서빙 최적화,"정적 자원은 (1) Webtob 캐시 + (2) Cache-Control 헤더 long max-age + (3) 파일명 hash 버스팅 조합으로 최적화. JEUS 까지 가지 않아 백엔드 부하 감소. SSL 압축은 false 유지(BREACH 공격 회피), gzip 은 응답에 적용. CDN 앞단을 두면 origin 부하 추가 감소.",Webtob,Static,캐시,성능,CDN,https://docs.tmaxsoft.com/en/webtob/6/administrator-guide/getting-started.html,info,2026-04-30
webtob-046,was_webtob,Webtob 대용량 업로드 튜닝,"대용량 업로드(수십~수백 MB)에서 (1) ClientMaxBodySize 충분히, (2) 임시 디렉터리(/tmp) 디스크 충분, (3) JEUS multipart 임시 파일 정리 정책, (4) 업로드 전용 svg/path 분리해 일반 트래픽 영향 격리. 업로드가 모든 hth slot 을 점유하지 않도록 max client 의 일정 비율로 제한.",Webtob,Upload,대용량,튜닝,Multipart,https://docs.tmaxsoft.com/en/webtob/6/administrator-guide/configuration-node.html,medium,2026-04-30
webtob-047,was_webtob,Webtob 다운로드 / Range 요청,"대용량 다운로드는 HTTP Range 요청(바이트 범위)으로 부분 전송 가능. 정적 파일은 자동 지원, 동적 콘텐츠는 백엔드(JEUS) 가 Accept-Ranges/Content-Range 헤더 처리해야 함. CDN 과 함께 쓰면 origin 트래픽 절감. 다운로드 중단/재개를 위해 ETag/Last-Modified 헤더 일관 유지.",Webtob,Range,Download,CDN,ETag,https://docs.tmaxsoft.com/en/webtob/6/administrator-guide/getting-started.html,info,2026-04-30
webtob-048,was_webtob,Webtob 모니터링 통합 (Prometheus/Grafana),"Webtob 자체 stat-info 결과를 주기적 파싱해 Prometheus exporter 로 노출하면 Grafana 대시보드 통합 모니터링 가능. 핵심 지표: 요청수, 평균 응답시간, 활성 클라이언트, svg 별 NRDY 시간, 캐시 hit ratio, 5xx 비율. 알람: 5xx > 1% (5분), NRDY 1분 이상, 동시 연결 80% 초과.",Webtob,Prometheus,Grafana,모니터링,알람,https://docs.tmaxsoft.com/en/webtob/6/administrator-guide/webtob-console-tool.html,medium,2026-04-30
webtob-049,was_webtob,Webtob 배포 / 롤링 업데이트 절차,"여러 Webtob 인스턴스를 LB 뒤에 둔 환경에서 무중단 업데이트 절차: (1) LB 에서 노드 A 빼기, (2) wsdown 후 패치/설정 변경, (3) wsboot, (4) svg-info / stat-info 로 정상 확인, (5) LB 에 노드 A 복귀, (6) 노드 B 도 동일. 점검 윈도우 동안 트래픽 여유 50% 이상 확보.",Webtob,배포,롤링,무중단,LB,https://docs.tmaxsoft.com/en/webtob/6/installation-guide/startup-shutdown.html,medium,2026-04-30
webtob-050,was_webtob,Webtob 운영 체크리스트,"월간 Webtob 체크리스트: (1) 5xx 비율 추세, (2) 인증서 만료일, (3) 디스크 사용률(로그/캐시), (4) 동시 연결 수 P95, (5) NRDY 발생 횟수, (6) 보안 헤더 누락 여부, (7) hth 프로세스 메모리 추세(누수 확인), (8) Webtob 패치 미적용 CVE 목록. 결과는 운영 리포트로 정리.",Webtob,운영,체크리스트,SRE,모니터링,https://docs.tmaxsoft.com/en/webtob/6/administrator-guide/getting-started.html,info,2026-04-30
weblogic-011,was_weblogic,Weblogic JDBC Initial Capacity = Maximum Capacity,"Weblogic JDBC 데이터소스 성능 부스팅 1순위는 Initial Capacity = Maximum Capacity 로 두는 것. 초기에 모든 커넥션을 생성해 두어 트래픽 피크에 신규 connect 시간(수십~수백 ms)을 줄인다. 운영 메모리에 여유가 있어야 하고, DB listener 커넥션 한도와 충돌하지 않아야 한다. 반대로 standby/cold DS 는 Initial=0 으로 두어 DB 미가용 시에도 서버가 기동되도록 한다.",Weblogic,JDBC,InitialCapacity,성능,DataSource,https://docs.oracle.com/en/middleware/standalone/weblogic-server/14.1.1.0/perfm/jdbc_tuning.html,high,2026-04-30
weblogic-012,was_weblogic,Weblogic Statement Cache 튜닝,"Prepared/Callable Statement 캐시는 동일 SQL 의 파싱/네트워크 비용을 절감한다. WebLogic Console > Data Source > Connection Pool > Statement Cache Type(LRU/Fixed), Statement Cache Size 설정. 너무 작으면 캐시 미스 빈번, 너무 크면 메모리 + DB cursor 증가. 일반 OLTP 50~100 으로 시작, top-N SQL 분석 후 조정.",Weblogic,JDBC,StatementCache,성능,튜닝,https://docs.oracle.com/en/middleware/standalone/weblogic-server/14.1.1.0/perfm/jdbc_tuning.html,medium,2026-04-30
weblogic-013,was_weblogic,Weblogic Pinned-To-Thread,"Pinned-To-Thread 옵션은 한 번 reserve 한 커넥션을 동일 스레드에서 close 시 풀로 반환하지 않고 재사용하도록 고정해 reserve/release 비용을 제거한다. 단, multi-data source/Oracle RAC/IdentityPool 과 호환되지 않아 환경 제약을 반드시 확인. 적합한 환경에서는 응답 latency 개선 효과가 크지만, 트랜잭션 누수 위험이 있으므로 코드 품질이 안정된 경우에만 적용.",Weblogic,JDBC,PinnedToThread,성능,제약,https://docs.oracle.com/en/middleware/standalone/weblogic-server/14.1.1.0/perfm/jdbc_tuning.html,medium,2026-04-30
weblogic-014,was_weblogic,Weblogic Test Connections on Reserve,Test Connections on Reserve 활성 시 매 reserve 직전 SELECT 1 같은 테스트 SQL 실행. 안정성↑ 응답시간↑(수 ms). 비용 절감을 위해 Test Frequency Seconds(기본 10s) 시간 윈도우 안에 사용된 커넥션은 테스트 생략하도록 설정. DB 가 매우 안정적이면 Test on Reserve 끄고 background 만 사용하는 옵션도 고려.,Weblogic,JDBC,TestConnection,Reserve,튜닝,https://docs.oracle.com/en/middleware/standalone/weblogic-server/14.1.1.0/perfm/jdbc_tuning.html,medium,2026-04-30
weblogic-015,was_weblogic,Weblogic Listener Timeout 회피,"대용량 트래픽 시 DB listener 가 새 커넥션 생성 중 timeout 으로 ResourceDeadException(""Socket read timed out"") 발생. 해결: sqlnet.ora 에 SQLNET.INBOUND_CONNECT_TIMEOUT=180, listener.ora 에 INBOUND_CONNECT_TIMEOUT_<listener>=180. 동시 신규 커넥션 폭주를 줄이려면 Initial=Max 로 사전 생성 + 적절한 Capacity Increment 사용.",Weblogic,JDBC,ListenerTimeout,sqlnet.ora,진단,https://docs.oracle.com/en/middleware/standalone/weblogic-server/14.1.1.0/perfm/jdbc_tuning.html,high,2026-04-30
weblogic-016,was_weblogic,Weblogic Disable Wrapping,"WebLogic 은 기본적으로 Array/Blob/Clob/ResultSet 등을 자체 Wrapper 로 감싸 추가 기능(트랜잭션 관리, 디버깅) 을 제공한다. 대용량 BLOB/CLOB 처리 시 wrapping overhead 가 측정될 수 있어, 안정 운영 시 Disable Wrapping 옵션으로 끄면 약간의 성능 향상. 단, 디버깅/예외 추적이 어려워질 수 있으므로 운영팀 판단 후 적용.",Weblogic,JDBC,Wrapping,성능,BLOB,https://docs.oracle.com/en/middleware/standalone/weblogic-server/14.1.1.0/perfm/jdbc_tuning.html,info,2026-04-30
weblogic-017,was_weblogic,Weblogic LLR / Multi DataSource,"Logging Last Resource(LLR) 데이터소스는 XA 없이 글로벌 트랜잭션 일부 ACID 보장이 가능. 단, Multi DataSource 의 LLR 은 시작 시 각 컴포넌트 DS 에서 커넥션을 강제로 reserve 해 RAC 노드 상태를 확인 → Initial Capacity 설정과 무관하게 시작 시 커넥션 발생. 이 동작을 모르면 DB 가 기동 시 부담을 받는다.",Weblogic,JDBC,LLR,MultiDS,XA,https://docs.oracle.com/en/middleware/standalone/weblogic-server/14.1.1.0/perfm/jdbc_tuning.html,medium,2026-04-30
weblogic-018,was_weblogic,Weblogic Active GridLink for RAC,"Active GridLink(AGL) 데이터소스는 Oracle RAC 의 ONS 이벤트(노드 다운/업, runtime load balancing)를 받아 풀을 동적으로 조정. auto-ONS 활성 시 시작 시 1 connection 생성하여 ONS 정보 fetch. RAC 환경에서는 multi-DS 보다 AGL 을 권장(빠른 fail-over, runtime LB, affinity).",Weblogic,AGL,RAC,ONS,JDBC,https://docs.oracle.com/en/middleware/standalone/weblogic-server/14.1.1.0/perfm/jdbc_tuning.html,medium,2026-04-30
weblogic-019,was_weblogic,Weblogic Self-Tuning Thread Pool 동작,"WebLogic Server 는 self-tuning thread pool 로 worker 수를 자동 조정. 핵심: 단일 priority-based queue + min/max thread constraint + capacity constraint. Work Manager 의 정책에 따라 우선순위 부여. 모니터링 지표: Pending User Request Count, Stuck Thread Count, Thread Pool Throughput. Max Threads Constraint 를 적절히 잡지 않으면 한 앱이 모든 스레드를 잡아먹는 noisy-neighbor 문제 발생.",Weblogic,SelfTuning,ThreadPool,WorkManager,튜닝,https://docs.oracle.com/en/middleware/standalone/weblogic-server/14.1.1.0/cnfgd/self_tuned.html,high,2026-04-30
weblogic-020,was_weblogic,Weblogic Work Manager 구성,"Work Manager 는 (1) Fair Share Request Class, (2) Response Time Request Class, (3) Min/Max Threads Constraint, (4) Capacity Constraint, (5) Context Request Class 를 조합해 정의한다. 예: 결제 트래픽에 fair share 100, 일반 트래픽 50 → 풀 부족 시 결제가 2배 우선. dispatch-policy 를 servlet/EJB 디스크립터에 설정해 적용.",Weblogic,WorkManager,FairShare,Capacity,튜닝,https://docs.oracle.com/en/middleware/standalone/weblogic-server/14.1.1.0/cnfgd/self_tuned.html,high,2026-04-30
weblogic-021,was_weblogic,Weblogic Concurrent Managed Objects (CMO),"WebLogic 12.2.1+ 부터 Java EE Concurrency Utilities(JSR-236)를 지원하며 ManagedExecutorService, ManagedScheduledExecutorService, ManagedThreadFactory 가 Work Manager 와 연동된다. 애플리케이션 직접 ExecutorService 생성 대신 CMO 사용 시 컨테이너 컨텍스트(보안, 클래스로더, JNDI)가 보존된다. 미사용 시 ThreadLocal 누수와 ClassLoader 누수 위험.",Weblogic,CMO,JSR236,ManagedExecutor,동시성,https://docs.oracle.com/en/middleware/standalone/weblogic-server/14.1.1.0/cnfgd/concurrent-utils.html,medium,2026-04-30
weblogic-022,was_weblogic,Weblogic Cluster Multicast 통신,"Multicast 클러스터 통신은 동일 multicast 주소/포트로 클러스터 멤버 간 heartbeat 와 JNDI replication 을 송수신. 네트워크 장비가 multicast 를 지원해야 하며, 클라우드/컨테이너 환경은 보통 미지원. 운영상 권장은 Unicast 로 변경. multicast 사용 시 포트 충돌, TTL 부족(다른 라우터 hop 차단), 과도한 트래픽 등이 이슈.",Weblogic,Cluster,Multicast,Unicast,통신,https://docs.oracle.com/middleware/12213/wls/CLUST/CLUST.pdf,medium,2026-04-30
weblogic-023,was_weblogic,Weblogic Dynamic Cluster,Dynamic Cluster 는 Server Template 과 server count 만 정의하면 자동으로 N 개 멤버 서버를 생성/관리한다. 클라우드/스케일아웃 시 manual 정의 부담을 제거. 멤버 추가/제거가 콘솔/REST/WLST 로 즉시 가능. Cluster Targeting 으로 애플리케이션을 클러스터 단위로 배포하면 멤버 변경에 따라 자동 배포된다.,Weblogic,DynamicCluster,ServerTemplate,오토스케일,클라우드,https://docs.oracle.com/en/middleware/standalone/weblogic-server/14.1.1.0/wlach/core/index.html,medium,2026-04-30
weblogic-024,was_weblogic,Weblogic Server Affinity 로드밸런싱,"Server Affinity 는 EJB/RMI 호출 시 동일 JVM 내 콜로케이션 우선, 외부 호출 시 동일 클러스터 멤버에게 가급적 라우팅하여 네트워크/직렬화 비용을 줄이는 정책. 알고리즘: RoundRobin Affinity, WeightBased Affinity, Random Affinity. 동일 트랜잭션 컨텍스트는 동일 멤버로 라우팅 → 트랜잭션 일관성 향상.",Weblogic,ServerAffinity,EJB,RMI,LoadBalance,https://docs.oracle.com/en/middleware/standalone/weblogic-server/14.1.1.0/clust/load_balancing.html,medium,2026-04-30
weblogic-025,was_weblogic,Weblogic 외부 LB 쿠키 퍼시스턴스,"외부 H/W 또는 NGINX/HAProxy 같은 LB 와 함께 쓸 때 sticky session 을 위해 JSESSIONID 쿠키 또는 별도 쿠키로 라우팅 영속성을 만든다. JSESSIONID 끝의 ! 뒤 prefix 가 primary 서버 식별자이며, LB 가 이를 파싱하거나 별도 쿠키를 발급. 쿠키 기반은 ws-routing 모듈 없이도 동작.",Weblogic,LB,Cookie,Sticky,JSESSIONID,https://docs.oracle.com/en/middleware/standalone/weblogic-server/14.1.1.0/clust/setup.html,medium,2026-04-30
weblogic-026,was_weblogic,Weblogic NGINX 연동,"NGINX 를 WebLogic 앞단 LB 로 쓸 때 권장 설정: upstream weblogic { ip_hash; server wls1:7001; server wls2:7001; }, proxy_pass http://weblogic, proxy_http_version 1.1, proxy_set_header Connection """", proxy_read_timeout, proxy_buffering off(스트리밍 응답). ip_hash 대신 sticky cookie 모듈로 JSESSIONID 기반 sticky 도 가능.",Weblogic,NGINX,ReverseProxy,Sticky,연동,https://www.nginx.com/nginx/deployment-guides/load-balance-third-party/oracle-weblogic-server/,medium,2026-04-30
weblogic-027,was_weblogic,Weblogic Session Replication 그룹/머신,"Session 의 secondary 복제 대상은 (1) 다른 머신 우선, (2) 같은 replication group 우선 규칙으로 결정된다. Replication Group 과 Preferred Group 을 서버에 지정해 데이터센터 zone-aware 배치를 만들 수 있다. 가능하면 secondary 가 primary 와 다른 물리 머신/존에 위치하도록 구성해 동시 장애 시에도 세션 보존.",Weblogic,Session,Replication,Group,HA,https://docs.oracle.com/en/middleware/standalone/weblogic-server/14.1.1.0/clust/failover.html,high,2026-04-30
weblogic-028,was_weblogic,Weblogic Coherence 세션 저장,Coherence-based session persistence 는 in-memory data grid 에 세션 저장해 다중 서버 간 일관성을 제공. WebLogic 14c 에서는 Coherence 통합이 강화되어 weblogic-application.xml 의 <persistent-store-type>coherence-web</persistent-store-type> 로 설정. 메모리 사용량 추정: session size × user × replication factor.,Weblogic,Coherence,Session,DataGrid,HA,https://docs.oracle.com/en//middleware/standalone/weblogic-server/14.1.1.0/intro/understanding-oracle-weblogic-server.pdf,medium,2026-04-30
weblogic-029,was_weblogic,Weblogic Node Manager Java vs Script,"Node Manager 는 Java-based(권장)와 script-based 두 종류. Java 는 단일 JVM 으로 모든 서버 관리, plain socket/SSL 로 admin 과 통신. Script 는 SSH 기반 wrapper, 단순하지만 기능 제한. CrashRecoveryEnabled=true 로 호스트 재기동 후 Managed Server 자동 복구 가능. server_name.state, server_name.pid 파일이 상태 추적의 핵심.",Weblogic,NodeManager,Java,Script,CrashRecovery,https://docs.oracle.com/cd/E13222_01/wls/docs103/nodemgr/overview.html,medium,2026-04-30
weblogic-030,was_weblogic,Weblogic Managed Server Independence (MSI),"MSI 모드는 Admin Server 가 다운된 상태에서도 Managed Server 가 마지막으로 알려진 도메인 설정 캐시(msi-config.xml 등)로 부팅/운영 가능하게 한다. Admin 복구 후 자동 동기화. 이 기능 덕분에 Admin 장애가 즉시 서비스 장애로 이어지지 않는다. 단, 새 배포/설정 변경은 Admin 이 살아야 가능.",Weblogic,MSI,AdminServer,HA,운영,https://docs.oracle.com/cd/E13222_01/wls/docs103/nodemgr/overview.html,medium,2026-04-30
weblogic-031,was_weblogic,Weblogic 배포 도구 비교,"배포 도구: (1) FMW Control(GUI), (2) Admin Console(GUI), (3) WLST(Jython 스크립트), (4) weblogic.Deployer(CLI), (5) Maven/Ant 플러그인, (6) REST Management API. CI/CD 자동화는 WLST 또는 REST 권장. Deployment Plan(plan.xml)으로 환경별 디스크립터 오버라이드(URL, 보안 역할, JNDI 매핑) 가능 → 같은 EAR 을 dev/stg/prd 에 동일하게 배포.",Weblogic,배포,WLST,DeploymentPlan,CI/CD,https://docs.oracle.com/middleware/1221/wls/WLSMT/deploying_apps.htm,medium,2026-04-30
weblogic-032,was_weblogic,Weblogic Multitenant / Resource Group,WebLogic Multitenant(MT)는 Domain Partition 으로 다중 테넌트 격리를 제공. Resource Group 으로 데이터소스/JMS/앱을 묶어 한꺼번에 배포/이동. Resource Group Template 은 재사용 단위. 14c 에서 MT 는 deprecated 인 점 유의(향후 클라우드/도커 격리 권장).,Weblogic,Multitenant,Partition,ResourceGroup,배포,https://docs.oracle.com/middleware/1221/wls/WLSMT/deploying_apps.htm,info,2026-04-30
weblogic-033,was_weblogic,Weblogic LogMBean / Severity,"LogMBean 으로 서버 로그 설정을 제어. Severity 계층: TRACE < DEBUG < INFO < NOTICE < WARNING < ERROR < CRITICAL < ALERT < EMERGENCY. 핸들러별 Severity 와 Filter 를 분리 설정 가능. 운영 권장: 일반 서버 NOTICE, 부하/장애 분석 시 일시적으로 DEBUG.",Weblogic,Logging,LogMBean,Severity,운영,https://docs.oracle.com/en/middleware/fusion-middleware/weblogic-server/14.1.2/wllog/config_logs.html,info,2026-04-30
weblogic-034,was_weblogic,Weblogic 로그 로테이션,"WebLogic 로그 로테이션은 Size-based 또는 Time-based 로 설정 가능. RotateFileOnStartup, RotationType, FileMinSize, FileTimeSpan, NumberOfFilesLimited 등. 서버 재기동 시 로테이트, 시간 단위 로테이트, 강제 force rotation 도 콘솔에서 가능. 운영 권장: 일별 로테이션 + 7~30일 보관, 별도 SIEM 으로 long-term 보관.",Weblogic,Logging,Rotation,운영,보관,https://docs.oracle.com/en/middleware/fusion-middleware/weblogic-server/14.1.2/wllog/config_logs.html,info,2026-04-30
weblogic-035,was_weblogic,Weblogic stdout / stderr Redirection,"WebLogic 은 server stdout/stderr 를 LogMBean 의 RedirectStdoutToServerLogEnabled, RedirectStderrToServerLogEnabled 로 서버 로그에 통합 가능. RotatingFileRedirector 로 stdout 도 별도 회전 파일로 보낼 수 있다. 컨테이너 환경(Docker/K8s)은 stdout 만 캡처하는 경우가 많아 활성화 권장.",Weblogic,stdout,stderr,Redirection,Container,https://docs.oracle.com/en/middleware/fusion-middleware/weblogic-server/14.1.2/wllog/config_logs.html,info,2026-04-30
weblogic-036,was_weblogic,Weblogic SSL 설정 (Listen Port 7002),"WebLogic SSL 기본 Listen Port 는 7002. 콘솔: Server > Configuration > SSL 에서 Identity/Trust 키스토어 지정, Hostname Verifier, 최소 TLS 버전, Cipher Suites 설정. 동적 SSL 속성은 Restart SSL 버튼만으로 적용(전체 서버 재기동 불필요). 단, Realm 이 자동 재시작될 수 있어 트래픽 영향 검토 필요.",Weblogic,SSL,7002,TLS,보안,https://docs.oracle.com/en/middleware/fusion-middleware/weblogic-server/12.2.1.4/wlach/taskhelp/security/SetUpSSL.html,high,2026-04-30
weblogic-037,was_weblogic,Weblogic One-way vs Two-way SSL,One-way SSL: 서버 인증서만 클라이언트가 검증. Two-way(client auth) SSL: 서버 + 클라이언트 인증서 상호 검증. 내부 시스템 간 통신/금융 채널에 mTLS 적용. WebLogic 콘솔의 SSL 탭에서 Two Way Client Cert Behavior(Client Certs Not Requested/Requested But Not Enforced/Required)로 정책 설정.,Weblogic,SSL,mTLS,OneWay,TwoWay,https://docs.oracle.com/en/middleware/fusion-middleware/weblogic-server/12.2.1.4/wlach/taskhelp/security/SetUpSSL.html,high,2026-04-30
weblogic-038,was_weblogic,Weblogic SSL 세션 캐시,"SSL 세션 캐시 활성 시 동일 클라이언트 재핸드셰이크 비용 감소. WebLogic 콘솔 또는 -Dweblogic.security.SSL.sessionCache.size, sessionCache.ttl JVM 옵션으로 조정. 캐시 너무 크면 메모리, 너무 작으면 핸드셰이크 폭주. CPU 사용률이 높은 SSL 서버는 캐시 크기/TTL 을 우선 점검.",Weblogic,SSL,세션캐시,성능,TLS,https://docs.oracle.com/en/middleware/fusion-middleware/weblogic-server/12.2.1.4/wlach/taskhelp/security/SetUpSSL.html,medium,2026-04-30
weblogic-039,was_weblogic,Weblogic Domain / Config 백업,"WebLogic 도메인 핵심 산출물: $DOMAIN_HOME/config(config.xml, security, jdbc, jms, deployments), 그리고 keystore. 주기 백업: 일일 config tar + 변경 시 즉시 push to git. 복구 절차: 신규 호스트에 동일 버전 WebLogic 설치 → DOMAIN_HOME 복원 → Node Manager 등록 → Admin/Managed 기동.",Weblogic,백업,config.xml,복구,DR,https://docs.oracle.com/en/middleware/standalone/weblogic-server/14.1.1.0/wlach/core/index.html,medium,2026-04-30
weblogic-040,was_weblogic,Weblogic JMS Distributed Destinations,Distributed Queue / Topic 은 클러스터 멤버에 멤버 destination 을 두고 producer/consumer 가 클러스터 단위 destination 을 보면 자동 라우팅. JMS Affinity 옵션은 동일 트랜잭션의 send/receive 가 같은 멤버로 가도록 해 트랜잭션 비용 절감. 멤버별 메시지 적체 모니터링 필수(MessagesCurrentCount).,Weblogic,JMS,Distributed,Affinity,Cluster,https://docs.oracle.com/en/middleware/standalone/weblogic-server/14.1.1.0/clust/load_balancing.html,medium,2026-04-30
weblogic-041,was_weblogic,Weblogic XA Transaction / TLog,XA 글로벌 트랜잭션의 안정성을 위해 TransactionLog(TLog)를 디스크 또는 JDBC TLog 로 저장. JDBC TLog 는 클러스터 환경에서 TLog 의 공유 디스크 의존을 제거해 fail-over 가 쉬움. 권장: 14c 환경 + RAC 라면 JDBC TLog. 트랜잭션 in-doubt 시 TransactionRecoveryService 가 자동/수동 복구.,Weblogic,XA,TLog,JDBC,트랜잭션,https://docs.oracle.com/en/middleware/standalone/weblogic-server/14.1.1.0/perfm/jdbc_tuning.html,high,2026-04-30
weblogic-042,was_weblogic,Weblogic Stuck Thread 임계치,"Stuck Thread Max Time(기본 600s) 이상 한 스레드가 점유되면 STUCK 마크 + 로그 + 알람. 임계치 조정: 일반 600s, 배치/리포트 트래픽 1800s 별도 Work Manager. Stuck 발생 시 자동 thread dump 캡처 스크립트(NodeManager hook 또는 별도 cron) 권장. STUCK 카운트 N 이상 시 Managed Server 자동 재기동(Stuck Thread Behavior=shutdown) 정책도 가능하나 신중히.",Weblogic,StuckThread,Timeout,WorkManager,진단,https://docs.oracle.com/en/middleware/standalone/weblogic-server/14.1.1.0/perfm/wls_tuning.html,high,2026-04-30
weblogic-043,was_weblogic,Weblogic Diagnostic Framework (WLDF),"WLDF 는 메트릭 수집/조건 감시/액션(harvester, watch, notification, image capture) 통합 진단 프레임워크. Watch 룰 예: HeapFreePercent < 10 일 때 image notification 으로 자동 진단 이미지(thread dump, jvm info) 캡처. 대시보드(MBeans 기반)는 Console 또는 FMW Control 에서 확인.",Weblogic,WLDF,Diagnostic,Watch,자동화,https://docs.oracle.com/en/middleware/standalone/weblogic-server/14.1.1.0/perfm/wls_tuning.html,medium,2026-04-30
weblogic-044,was_weblogic,Weblogic JVM 옵션 권장,"WebLogic 14c JVM 권장 옵션 예: -server, -Xms=Xmx, -XX:+UseG1GC, -XX:MaxGCPauseMillis=200, -XX:+HeapDumpOnOutOfMemoryError, -XX:HeapDumpPath=/u01/app/oracle/heap, -Xlog:gc*:file=gc.log:..., -Dweblogic.ProductionModeEnabled=true. 운영(Production)과 개발(Development) 모드 전환은 콘솔 또는 setDomainEnv.sh 의 PRODUCTION_MODE 환경변수.",Weblogic,JVM,G1GC,ProductionMode,튜닝,https://docs.oracle.com/en/middleware/standalone/weblogic-server/14.1.1.0/perfm/wls_tuning.html,high,2026-04-30
weblogic-045,was_weblogic,Weblogic CVE / 보안 패치 절차,"WebLogic 은 분기별 Critical Patch Update(CPU)와 비정기 Security Alert 가 발표된다. 적용 절차: (1) MOS 에서 CPU 다운로드, (2) staging 적용/회귀 테스트, (3) 운영 롤링 적용(노드 한 대씩 LB 빼고 패치, 다시 투입), (4) opatch lspatches 로 적용 확인. 미적용 CVE 는 외부 노출 시스템부터 우선순위.",Weblogic,보안,CVE,CPU,opatch,https://docs.oracle.com/en/middleware/standalone/weblogic-server/14.1.1.0/wlach/core/index.html,high,2026-04-30
weblogic-046,was_weblogic,Weblogic WLST 자동화 스크립트,"WLST(WebLogic Scripting Tool)는 Jython 기반 운영 자동화 도구. 주요 패턴: connect(""user"",""pw"",""t3://admin:7001""), edit(); startEdit(); cd(""/Servers/AdminServer""); set(""ListenAddress"",""0.0.0.0""); save(); activate(). 배포: deploy(name, path, targets=""cluster1""). 모니터링: domainRuntime(); cd(""/ServerRuntimes/x/JVMRuntime/x""); print get(""HeapFreePercent"").",Weblogic,WLST,Jython,자동화,CI/CD,https://docs.oracle.com/en/middleware/standalone/weblogic-server/14.1.1.0/wlach/core/index.html,medium,2026-04-30
weblogic-047,was_weblogic,Weblogic REST Management API,"12c 이후 REST Management API 로 도메인/서버/배포를 HTTP 로 관리. 예: GET /management/weblogic/latest/domainRuntime/serverRuntimes/<server> 로 상태 조회, POST /management/weblogic/latest/edit/servers 로 신규 서버 생성. CI/CD/Kubernetes Operator(WebLogic Kubernetes Operator)와 결합해 자동화.",Weblogic,REST,API,k8s,CI/CD,https://docs.oracle.com/en/middleware/standalone/weblogic-server/14.1.1.0/wlach/core/index.html,medium,2026-04-30
weblogic-048,was_weblogic,Weblogic Kubernetes Operator,"WebLogic Kubernetes Operator(WKO)는 WebLogic 도메인을 K8s 리소스(Domain CRD)로 관리. 도메인 생성/스케일/롤링 패치를 kubectl 로 처리. Domain in PV vs Domain in Image 두 모델, 14c + WKO 4.x 가 최신. 클라우드 마이그레이션 시 lift-and-shift 의 1순위 옵션.",Weblogic,Kubernetes,Operator,WKO,클라우드,https://docs.oracle.com/en//middleware/standalone/weblogic-server/14.1.1.0/intro/understanding-oracle-weblogic-server.pdf,medium,2026-04-30
weblogic-049,was_weblogic,Weblogic 무중단 패치 / 롤링 재기동,"롤링 재기동 절차: (1) Admin Server 패치(서비스 영향 없음 단, 배포/설정 변경 일시 불가), (2) 클러스터 멤버 한 대씩 LB 트래픽 차단(graceful) → 패치 → 검증 → 트래픽 복귀, (3) Coherence 캐시/세션 복제 안정 확인 후 다음 노드. 롤링 중에는 새 설정 활성을 자제.",Weblogic,롤링패치,무중단,LB,Cluster,https://docs.oracle.com/en/middleware/standalone/weblogic-server/14.1.1.0/clust/load_balancing.html,high,2026-04-30
weblogic-050,was_weblogic,Weblogic 운영 체크리스트,"월간 WebLogic 운영 체크리스트: (1) GC pause P99, Full GC 횟수, (2) Heap Free P95, (3) Stuck Thread 카운트, (4) JDBC ActiveConnectionsCurrentCount/PoolMax 비율, (5) 인증서 만료/CRL, (6) WLDF Watch 알람 발생 추세, (7) 미적용 CPU CVE, (8) 디스크 사용(로그/TLog), (9) 클러스터 멤버 IP/포트/방화벽 정상. 운영 리포트 정리 후 변경관리에서 공유.",Weblogic,운영,체크리스트,WLDF,SRE,https://docs.oracle.com/en/middleware/standalone/weblogic-server/14.1.1.0/perfm/wls_tuning.html,info,2026-04-30
